"lfdn";"external_lfdn";"tester";"dispcode";"lastpage";"quality";"duration";"s_0001";"c_0001";"c_0002";"v_149";"ob_reason";"ob_age";"ob_realEstate";"ob_debt";"ob_invest";"ob_saving";"ob_feelingRisk";"ob_investPriority";"ob_scenario";"stimulus_played2";"stimulus_played1";"stimulus_played4";"stimulus_played3";"stimulus_played6";"stimulus_played5";"check_portfolioId";"sim_ethnicity";"sim_general";"sim_gender";"sim_age";"sim_language";"trust_general";"trust_contact";"trust_relationship";"trust_care";"trust_understand";"trust_warmth";"competence_general";"competence_capable";"competence_skillful";"competence_intelligent";"bene_values";"bene_honest";"bene_respect";"li_implement";"li_improvements";"li_better";"lic_amount";"sat_happy";"sat_right";"sat_satisfied";"benef_hurt";"benef_needs";"benef_help";"benef_important";"benef_welfare";"recomm_propensity";"loy_choose";"loy_best";"loy_loyal";"lif_portion";"learn_learn";"learn_improve";"learn_skills";"att_bestInterest";"att_trustworthy";"att_ownInterest";"att_commissions";"fwb_situation";"fwb_left";"fwb_behind";"person_reserved";"person_trsuting";"person_lazy";"person_stress";"person_artistic";"person_sociable";"person_fault";"person_through";"person_nervous";"person_imagination";"patience154";"patience185";"patience202";"patience210";"patience215";"patience206";"patience193";"patience197";"patience189";"patience169";"patience177";"patience181";"patience173";"patience161";"patience165";"patience158";"patience125";"patience139";"patience146";"patience150";"patience143";"patience132";"patience136";"patience129";"patience112";"patience119";"patience122";"patience116";"patience106";"patience109";"patience103";"patience_general";"literacy1";"literacy2";"literacy3";"literacy4";"literacy5";"literacy6";"literacy7";"check_portfolioType";"check_advisorType";"dem_gender";"dem_ethnicity";"dem_usResidence";"dem_financialAdvisorUsage";"dem_education";"income";"browser";"referer";"device_type";"quota";"quota_assignment";"quota_rejected_id";"page_history";"hflip";"vflip";"output_mode";"javascript";"flash";"session_id";"language";"cleaned";"ats";"datetime";"date_of_last_access";"date_of_first_mail";"rts6047382";"rts6047383";"rts6047385";"rts6047387";"rts6047388";"rts6047389";"rts6047390";"rts6047391";"rts6047392";"rts6047393";"rts6047394";"rts6047395";"rts6047396";"rts6047397";"rts6047398";"rts6047401";"rts6047403";"rts6047406";"rts6047408";"rts6047411";"rts6047413";"rts6047414";"rts6047415";"rts6047416";"rts6047417";"rts6047418";"rts6047419";"rts6047420";"rts6047421";"rts6047422";"rts6047424";"rts6047426";"rts6047428";"rts6047430";"rts6047432";"rts6047434";"rts6047436";"rts6047438";"rts6047440";"rts6047442";"rts6047444";"rts6047446";"rts6047448";"rts6047450";"rts6047452";"rts6047454";"rts6047456";"rts6047458";"rts6047460";"rts6047462";"rts6047464";"rts6047466";"rts6047468";"rts6047470";"rts6047472";"rts6047474";"rts6047476";"rts6047478";"rts6047480";"rts6047482";"rts6047483";"rts6047484";"rts6047485";"rts6047486"
"5";"0";"0";"22";"6047416";"-77";"362";"-77";"0.5";"3";"5f5fc8153ba37c07caa9b45e";"1";"25";"0";"400";"100";"30";"2";"4";"1";"-77";"-77";"-77";"-66";"-77";"-77";"2";"-77";"-77";"-77";"-77";"-77";"-77";"-77";"-77";"-77";"-77";"-77";"-77";"-77";"-77";"-77";"-77";"-77";"-77";"-77";"-77";"-77";"-77";"-77";"-77";"-77";"-77";"-77";"-77";"-77";"-77";"-77";"-77";"-77";"-77";"-77";"-77";"-77";"-77";"-77";"-77";"-77";"-77";"-77";"-77";"-77";"-77";"-77";"-77";"-77";"-77";"-77";"-77";"-77";"-77";"-77";"-77";"-77";"-77";"-77";"-77";"-77";"-77";"-77";"-77";"-77";"-77";"-77";"-77";"-77";"-77";"-77";"-77";"-77";"-77";"-77";"-77";"-77";"-77";"-77";"-77";"-77";"-77";"-77";"-77";"-77";"-77";"-77";"-77";"-77";"-77";"-77";"-77";"-77";"-77";"-77";"-77";"-77";"-77";"-77";"-77";"-77";"-66";"Mozilla/5.0 (Windows NT 10.0; Win64; x64; rv:104.0) Gecko/20100101 Firefox/104.0";"https://app.prolific.co/";"0";"0";"-66";"0";"6047382,6047383,6047384,6047385,6047386,6047388,6047389,6047390,6047391,6047392,6047393,6047394,6047395,6047396,6047397,6047398,6047399,6047404,6047405,6047407,6047408,6047409,6047414,6047415,6047416";"0";"0";"0";"-77";"-77";"6cc599911c2ad2bc12ebd5dc8176223f";"1";"0";"1662993745";"2022-09-12 14:42:25";"2022-09-12 14:48:35";"0000-00-00 00:00:00";"43";"48";"94";"0";"118";"132";"140";"150";"167";"177";"192";"201";"233";"252";"255";"0";"0";"0";"357";"0";"0";"362";"370";"0";"0";"0";"0";"0";"0";"0";"0";"0";"0";"0";"0";"0";"0";"0";"0";"0";"0";"0";"0";"0";"0";"0";"0";"0";"0";"0";"0";"0";"0";"0";"0";"0";"0";"0";"0";"0";"0";"0";"0";"0"
"8";"0";"0";"22";"6047391";"-77";"129";"-77";"0";"2";"5d75c56a52c89d0017df611c";"3";"40";"-66";"-66";"-66";"-66";"-77";"-77";"-77";"-77";"-77";"-77";"-77";"-77";"-77";"-66";"-77";"-77";"-77";"-77";"-77";"-77";"-77";"-77";"-77";"-77";"-77";"-77";"-77";"-77";"-77";"-77";"-77";"-77";"-77";"-77";"-77";"-77";"-77";"-77";"-77";"-77";"-77";"-77";"-77";"-77";"-77";"-77";"-77";"-77";"-77";"-77";"-77";"-77";"-77";"-77";"-77";"-77";"-77";"-77";"-77";"-77";"-77";"-77";"-77";"-77";"-77";"-77";"-77";"-77";"-77";"-77";"-77";"-77";"-77";"-77";"-77";"-77";"-77";"-77";"-77";"-77";"-77";"-77";"-77";"-77";"-77";"-77";"-77";"-77";"-77";"-77";"-77";"-77";"-77";"-77";"-77";"-77";"-77";"-77";"-77";"-77";"-77";"-77";"-77";"-77";"-77";"-77";"-77";"-77";"-77";"-77";"-77";"-77";"-77";"-77";"-77";"-66";"Mozilla/5.0 (Windows NT 10.0; Win64; x64; rv:104.0) Gecko/20100101 Firefox/104.0";"https://app.prolific.co/";"0";"0";"-66";"0";"6047382,6047383,6047384,6047386,6047387,6047388,6047389,6047390,6047391";"0";"0";"0";"-77";"-77";"8a99848e568e28bdfbcf2fdb3d50d6b8";"1";"0";"1662994527";"2022-09-12 14:55:27";"2022-09-12 14:57:45";"0000-00-00 00:00:00";"28";"41";"0";"106";"122";"129";"138";"0";"0";"0";"0";"0";"0";"0";"0";"0";"0";"0";"0";"0";"0";"0";"0";"0";"0";"0";"0";"0";"0";"0";"0";"0";"0";"0";"0";"0";"0";"0";"0";"0";"0";"0";"0";"0";"0";"0";"0";"0";"0";"0";"0";"0";"0";"0";"0";"0";"0";"0";"0";"0";"0";"0";"0";"0"
"11";"0";"0";"22";"6047416";"-77";"519";"-77";"0.125";"2";"5d989a27b4d967001657580d";"1";"30";"0";"4000";"1000";"0";"2";"1";"1";"1";"-77";"-77";"-77";"-77";"-77";"I didn't get one.";"-77";"-77";"-77";"-77";"-77";"-77";"-77";"-77";"-77";"-77";"-77";"-77";"-77";"-77";"-77";"-77";"-77";"-77";"-77";"-77";"-77";"-77";"-77";"-77";"-77";"-77";"-77";"-77";"-77";"-77";"-77";"-77";"-77";"-77";"-77";"-77";"-77";"-77";"-77";"-77";"-77";"-77";"-77";"-77";"-77";"-77";"-77";"-77";"-77";"-77";"-77";"-77";"-77";"-77";"-77";"-77";"-77";"-77";"-77";"-77";"-77";"-77";"-77";"-77";"-77";"-77";"-77";"-77";"-77";"-77";"-77";"-77";"-77";"-77";"-77";"-77";"-77";"-77";"-77";"-77";"-77";"-77";"-77";"-77";"-77";"-77";"-77";"-77";"-77";"-77";"-77";"-77";"-77";"-77";"-77";"-77";"-77";"-77";"-77";"-77";"-77";"-66";"Mozilla/5.0 (Windows NT 10.0; Win64; x64; rv:104.0) Gecko/20100101 Firefox/104.0";"https://app.prolific.co/";"0";"0";"-66";"0";"6047382,6047383,6047384,6047386,6047387,6047388,6047389,6047390,6047391,6047392,6047393,6047394,6047395,6047396,6047397,6047398,6047399,6047400,6047401,6047402,6047404,6047409,6047414,6047415,6047416";"0";"1";"0";"-77";"-77";"c15f80b6bf5cea80e20fd43291829f57";"1";"0";"1662995111";"2022-09-12 15:05:11";"2022-09-12 15:13:53";"0000-00-00 00:00:00";"11";"17";"0";"58";"63";"68";"382";"388";"394";"399";"406";"412";"418";"428";"431";"500";"0";"0";"0";"0";"0";"519";"522";"0";"0";"0";"0";"0";"0";"0";"0";"0";"0";"0";"0";"0";"0";"0";"0";"0";"0";"0";"0";"0";"0";"0";"0";"0";"0";"0";"0";"0";"0";"0";"0";"0";"0";"0";"0";"0";"0";"0";"0";"0"
"12";"0";"0";"22";"6047414";"-77";"243";"-77";"0.25";"1";"5e46d70ab1f1c5000d96800d";"3";"37";"35000";"0";"3000";"200";"1";"3";"1";"1";"-77";"-77";"-77";"-77";"-77";"-66";"-77";"-77";"-77";"-77";"-77";"-77";"-77";"-77";"-77";"-77";"-77";"-77";"-77";"-77";"-77";"-77";"-77";"-77";"-77";"-77";"-77";"-77";"-77";"-77";"-77";"-77";"-77";"-77";"-77";"-77";"-77";"-77";"-77";"-77";"-77";"-77";"-77";"-77";"-77";"-77";"-77";"-77";"-77";"-77";"-77";"-77";"-77";"-77";"-77";"-77";"-77";"-77";"-77";"-77";"-77";"-77";"-77";"-77";"-77";"-77";"-77";"-77";"-77";"-77";"-77";"-77";"-77";"-77";"-77";"-77";"-77";"-77";"-77";"-77";"-77";"-77";"-77";"-77";"-77";"-77";"-77";"-77";"-77";"-77";"-77";"-77";"-77";"-77";"-77";"-77";"-77";"-77";"-77";"-77";"-77";"-77";"-77";"-77";"-77";"-77";"-77";"-66";"Mozilla/5.0 (Windows NT 10.0; Win64; x64) AppleWebKit/537.36 (KHTML, like Gecko) Chrome/105.0.0.0 Safari/537.36";"https://app.prolific.co/";"0";"0";"-66";"0";"6047382,6047383,6047384,6047385,6047386,6047388,6047389,6047390,6047391,6047392,6047393,6047394,6047395,6047396,6047397,6047398,6047399,6047400,6047401,6047402,6047404,6047409,6047414";"1";"0";"0";"-77";"-77";"32e714a98239813889b1604c31f992f5";"1";"0";"1662995112";"2022-09-12 15:05:12";"2022-09-12 15:10:35";"0000-00-00 00:00:00";"20";"25";"49";"0";"53";"70";"77";"117";"122";"152";"183";"196";"213";"241";"243";"323";"0";"0";"0";"0";"0";"0";"0";"0";"0";"0";"0";"0";"0";"0";"0";"0";"0";"0";"0";"0";"0";"0";"0";"0";"0";"0";"0";"0";"0";"0";"0";"0";"0";"0";"0";"0";"0";"0";"0";"0";"0";"0";"0";"0";"0";"0";"0";"0"
"20";"0";"0";"22";"6047414";"-77";"329";"-77";"0.75";"1";"5fc8023072315c11f1de9057";"1";"40";"0";"4200";"500";"300";"3";"4";"2";"-77";"-77";"-77";"-77";"1";"-77";"-66";"-77";"-77";"-77";"-77";"-77";"-77";"-77";"-77";"-77";"-77";"-77";"-77";"-77";"-77";"-77";"-77";"-77";"-77";"-77";"-77";"-77";"-77";"-77";"-77";"-77";"-77";"-77";"-77";"-77";"-77";"-77";"-77";"-77";"-77";"-77";"-77";"-77";"-77";"-77";"-77";"-77";"-77";"-77";"-77";"-77";"-77";"-77";"-77";"-77";"-77";"-77";"-77";"-77";"-77";"-77";"-77";"-77";"-77";"-77";"-77";"-77";"-77";"-77";"-77";"-77";"-77";"-77";"-77";"-77";"-77";"-77";"-77";"-77";"-77";"-77";"-77";"-77";"-77";"-77";"-77";"-77";"-77";"-77";"-77";"-77";"-77";"-77";"-77";"-77";"-77";"-77";"-77";"-77";"-77";"-77";"-77";"-77";"-77";"-77";"-77";"-77";"-66";"Mozilla/5.0 (X11; CrOS x86_64 14816.131.0) AppleWebKit/537.36 (KHTML, like Gecko) Chrome/103.0.0.0 Safari/537.36";"https://app.prolific.co/";"0";"0";"-66";"0";"6047382,6047383,6047384,6047385,6047386,6047388,6047389,6047390,6047391,6047392,6047393,6047394,6047395,6047396,6047397,6047398,6047399,6047404,6047409,6047410,6047411,6047412,6047414";"1";"1";"0";"-77";"-77";"c6849978ceba49abafc22259327cd50c";"1";"0";"1662995672";"2022-09-12 15:14:32";"2022-09-12 15:21:24";"0000-00-00 00:00:00";"27";"72";"112";"0";"134";"182";"191";"218";"234";"253";"266";"287";"303";"326";"329";"0";"0";"0";"0";"412";"0";"0";"0";"0";"0";"0";"0";"0";"0";"0";"0";"0";"0";"0";"0";"0";"0";"0";"0";"0";"0";"0";"0";"0";"0";"0";"0";"0";"0";"0";"0";"0";"0";"0";"0";"0";"0";"0";"0";"0";"0";"0";"0";"0"
"22";"0";"0";"22";"6047416";"-77";"775";"-77";"0.125";"1";"5f88877885e51d02acd71b12";"3";"32";"0";"0";"10000";"1000";"1";"1";"2";"-66";"-77";"-77";"-77";"-77";"-77";"2";"-77";"-77";"-77";"-77";"-77";"-77";"-77";"-77";"-77";"-77";"-77";"-77";"-77";"-77";"-77";"-77";"-77";"-77";"-77";"-77";"-77";"-77";"-77";"-77";"-77";"-77";"-77";"-77";"-77";"-77";"-77";"-77";"-77";"-77";"-77";"-77";"-77";"-77";"-77";"-77";"-77";"-77";"-77";"-77";"-77";"-77";"-77";"-77";"-77";"-77";"-77";"-77";"-77";"-77";"-77";"-77";"-77";"-77";"-77";"-77";"-77";"-77";"-77";"-77";"-77";"-77";"-77";"-77";"-77";"-77";"-77";"-77";"-77";"-77";"-77";"-77";"-77";"-77";"-77";"-77";"-77";"-77";"-77";"-77";"-77";"-77";"-77";"-77";"-77";"-77";"-77";"-77";"-77";"-77";"-77";"-77";"-77";"-77";"-77";"-77";"-77";"-66";"Mozilla/5.0 (X11; Linux x86_64) AppleWebKit/537.36 (KHTML, like Gecko) Chrome/100.0.4896.127 Safari/537.36 Edg/100.0.1185.50";"https://app.prolific.co/";"0";"0";"-66";"0";"6047382,6047383,6047384,6047385,6047386,6047388,6047389,6047390,6047391,6047392,6047393,6047394,6047395,6047396,6047397,6047398,6047399,6047400,6047401,6047402,6047404,6047409,6047414,6047415,6047416";"0";"0";"0";"-77";"-77";"c59acd458c77f517bbb64c13d154f767";"1";"0";"1662995763";"2022-09-12 15:16:03";"2022-09-12 15:29:05";"0000-00-00 00:00:00";"10";"16";"43";"0";"59";"69";"81";"96";"104";"123";"152";"160";"187";"198";"201";"762";"0";"0";"0";"0";"0";"775";"782";"0";"0";"0";"0";"0";"0";"0";"0";"0";"0";"0";"0";"0";"0";"0";"0";"0";"0";"0";"0";"0";"0";"0";"0";"0";"0";"0";"0";"0";"0";"0";"0";"0";"0";"0";"0";"0";"0";"0";"0";"0"
"24";"0";"0";"22";"6047414";"-77";"693";"-77";"0.75";"1";"5cba1809102bd400130c19e7";"3";"45";"400000";"10000";"25000";"1000";"2";"4";"3";"-77";"-77";"-77";"-77";"1";"-77";"-66";"-77";"-77";"-77";"-77";"-77";"-77";"-77";"-77";"-77";"-77";"-77";"-77";"-77";"-77";"-77";"-77";"-77";"-77";"-77";"-77";"-77";"-77";"-77";"-77";"-77";"-77";"-77";"-77";"-77";"-77";"-77";"-77";"-77";"-77";"-77";"-77";"-77";"-77";"-77";"-77";"-77";"-77";"-77";"-77";"-77";"-77";"-77";"-77";"-77";"-77";"-77";"-77";"-77";"-77";"-77";"-77";"-77";"-77";"-77";"-77";"-77";"-77";"-77";"-77";"-77";"-77";"-77";"-77";"-77";"-77";"-77";"-77";"-77";"-77";"-77";"-77";"-77";"-77";"-77";"-77";"-77";"-77";"-77";"-77";"-77";"-77";"-77";"-77";"-77";"-77";"-77";"-77";"-77";"-77";"-77";"-77";"-77";"-77";"-77";"-77";"-77";"-66";"Mozilla/5.0 (Windows NT 10.0; Win64; x64) AppleWebKit/537.36 (KHTML, like Gecko) Chrome/105.0.0.0 Safari/537.36";"https://app.prolific.co/";"0";"0";"-66";"0";"6047382,6047383,6047384,6047385,6047386,6047388,6047389,6047390,6047391,6047392,6047393,6047394,6047395,6047396,6047397,6047398,6047399,6047404,6047409,6047410,6047411,6047412,6047414";"0";"0";"0";"-77";"-77";"ba6ebdbd3c6141d51a4a0d55a23b22d9";"1";"0";"1662995853";"2022-09-12 15:17:33";"2022-09-12 15:30:10";"0000-00-00 00:00:00";"156";"165";"435";"0";"522";"527";"534";"543";"553";"559";"668";"673";"681";"690";"693";"0";"0";"0";"0";"757";"0";"0";"0";"0";"0";"0";"0";"0";"0";"0";"0";"0";"0";"0";"0";"0";"0";"0";"0";"0";"0";"0";"0";"0";"0";"0";"0";"0";"0";"0";"0";"0";"0";"0";"0";"0";"0";"0";"0";"0";"0";"0";"0";"0"
"26";"0";"0";"20";"0";"-77";"0";"-77";"0";"-66";"-66";"-77";"-77";"-66";"-66";"-66";"-66";"-77";"-77";"-77";"-77";"-77";"-77";"-77";"-77";"-77";"-66";"-77";"-77";"-77";"-77";"-77";"-77";"-77";"-77";"-77";"-77";"-77";"-77";"-77";"-77";"-77";"-77";"-77";"-77";"-77";"-77";"-77";"-77";"-77";"-77";"-77";"-77";"-77";"-77";"-77";"-77";"-77";"-77";"-77";"-77";"-77";"-77";"-77";"-77";"-77";"-77";"-77";"-77";"-77";"-77";"-77";"-77";"-77";"-77";"-77";"-77";"-77";"-77";"-77";"-77";"-77";"-77";"-77";"-77";"-77";"-77";"-77";"-77";"-77";"-77";"-77";"-77";"-77";"-77";"-77";"-77";"-77";"-77";"-77";"-77";"-77";"-77";"-77";"-77";"-77";"-77";"-77";"-77";"-77";"-77";"-77";"-77";"-77";"-77";"-77";"-77";"-77";"-77";"-77";"-77";"-77";"-77";"-77";"-77";"-77";"-77";"-77";"-66";"Mozilla/5.0 (Windows NT 10.0; Win64; x64) AppleWebKit/537.36 (KHTML, like Gecko) Chrome/105.0.0.0 Safari/537.36";"https://app.prolific.co/";"0";"0";"-66";"0";"0";"1";"0";"0";"-77";"-77";"846aae9a51a703839c6646bdccc8ae16";"1";"0";"1662995882";"2022-09-12 15:18:02";"2022-09-12 15:18:02";"0000-00-00 00:00:00";"0";"0";"0";"0";"0";"0";"0";"0";"0";"0";"0";"0";"0";"0";"0";"0";"0";"0";"0";"0";"0";"0";"0";"0";"0";"0";"0";"0";"0";"0";"0";"0";"0";"0";"0";"0";"0";"0";"0";"0";"0";"0";"0";"0";"0";"0";"0";"0";"0";"0";"0";"0";"0";"0";"0";"0";"0";"0";"0";"0";"0";"0";"0";"0"
"35";"0";"0";"22";"6047485";"-77";"773";"-77";"0.875";"1";"56849d528f456f000c45e1dd";"1";"35";"0";"2000";"100";"100";"3";"4";"3";"-77";"-77";"-77";"-77";"-66";"-77";"2";"4";"4";"4";"3";"7";"6";"7";"5";"5";"5";"6";"7";"7";"6";"6";"6";"6";"7";"6";"7";"5";"20";"6";"7";"6";"6";"7";"5";"6";"7";"80";"5";"5";"6";"5";"5";"7";"6";"7";"6";"5";"6";"1";"6";"5";"7";"1";"1";"6";"6";"5";"5";"6";"1";"6";"1";"1";"1";"1";"1";"-77";"-77";"-77";"-77";"-77";"-77";"-77";"-77";"-77";"-77";"-77";"-77";"-77";"-77";"-77";"-77";"-77";"-77";"-77";"-77";"-77";"-77";"-77";"-77";"-77";"-77";"6";"3";"1";"3";"3";"2";"2";"1";"-77";"-77";"-77";"-77";"-77";"-77";"-77";"-66";"Mozilla/5.0 (Linux; Android 10; C21) AppleWebKit/537.36 (KHTML, like Gecko) Chrome/83.0.4103.101 Mobile Safari/537.36";"https://app.prolific.co/studies/631f2cea724603af01cdeb68";"0";"0";"-66";"0";"6047382,6047383,6047384,6047385,6047386,6047388,6047389,6047390,6047391,6047392,6047393,6047394,6047395,6047396,6047397,6047398,6047399,6047404,6047409,6047410,6047411,6047412,6047414,6047399,6047404,6047409,6047410,6047411,6047399,6047404,6047409,6047410,6047411,6047412,6047414,6047412,6047414,6047412,6047414,6047412,6047414,6047412,6047414,6047415,6047416,6047417,6047418,6047419,6047420,6047421,6047422,6047423,6047424,6047425,6047426,6047427,6047428,6047429,6047430,6047431,6047433,6047439,6047453,6047483,6047484,6047485";"0";"1";"0";"-77";"-77";"c2424733e66a751c57c597257b57f65d";"1";"0";"1662996293";"2022-09-12 15:24:53";"2022-09-12 15:40:17";"0000-00-00 00:00:00";"12";"17";"72";"0";"122";"132";"138";"146";"157";"168";"176";"183";"190";"211";"298";"0";"0";"0";"0";"379";"0";"416";"427";"480";"536";"650";"665";"672";"744";"755";"760";"762";"764";"766";"0";"0";"0";"0";"0";"0";"0";"0";"0";"0";"0";"0";"0";"0";"0";"0";"0";"0";"0";"0";"0";"0";"0";"0";"0";"0";"773";"924";"0";"0"
"46";"0";"0";"22";"6047391";"-77";"44";"-77";"0";"3";"57e91ff08dcd2c00014bea18";"1";"35";"-66";"-66";"-66";"-66";"-77";"-77";"-77";"-77";"-77";"-77";"-77";"-77";"-77";"-66";"-77";"-77";"-77";"-77";"-77";"-77";"-77";"-77";"-77";"-77";"-77";"-77";"-77";"-77";"-77";"-77";"-77";"-77";"-77";"-77";"-77";"-77";"-77";"-77";"-77";"-77";"-77";"-77";"-77";"-77";"-77";"-77";"-77";"-77";"-77";"-77";"-77";"-77";"-77";"-77";"-77";"-77";"-77";"-77";"-77";"-77";"-77";"-77";"-77";"-77";"-77";"-77";"-77";"-77";"-77";"-77";"-77";"-77";"-77";"-77";"-77";"-77";"-77";"-77";"-77";"-77";"-77";"-77";"-77";"-77";"-77";"-77";"-77";"-77";"-77";"-77";"-77";"-77";"-77";"-77";"-77";"-77";"-77";"-77";"-77";"-77";"-77";"-77";"-77";"-77";"-77";"-77";"-77";"-77";"-77";"-77";"-77";"-77";"-77";"-77";"-77";"-66";"Mozilla/5.0 (Windows NT 10.0; Win64; x64) AppleWebKit/537.36 (KHTML, like Gecko) Chrome/105.0.0.0 Safari/537.36";"https://app.prolific.co/";"0";"0";"-66";"0";"6047382,6047383,6047384,6047385,6047386,6047388,6047389,6047390,6047391";"0";"1";"0";"-77";"-77";"8cbf073bde9502524706f920a589160d";"1";"0";"1662996835";"2022-09-12 15:33:55";"2022-09-12 15:34:46";"0000-00-00 00:00:00";"10";"12";"32";"0";"38";"44";"51";"0";"0";"0";"0";"0";"0";"0";"0";"0";"0";"0";"0";"0";"0";"0";"0";"0";"0";"0";"0";"0";"0";"0";"0";"0";"0";"0";"0";"0";"0";"0";"0";"0";"0";"0";"0";"0";"0";"0";"0";"0";"0";"0";"0";"0";"0";"0";"0";"0";"0";"0";"0";"0";"0";"0";"0";"0"
"48";"0";"0";"22";"6047414";"-77";"380";"-77";"0.375";"1";"5ec4a156bc5aac3819ac52f2";"1";"28";"0";"0";"10000";"1000";"2";"2";"2";"-77";"-77";"1";"-77";"-77";"-77";"-66";"-77";"-77";"-77";"-77";"-77";"-77";"-77";"-77";"-77";"-77";"-77";"-77";"-77";"-77";"-77";"-77";"-77";"-77";"-77";"-77";"-77";"-77";"-77";"-77";"-77";"-77";"-77";"-77";"-77";"-77";"-77";"-77";"-77";"-77";"-77";"-77";"-77";"-77";"-77";"-77";"-77";"-77";"-77";"-77";"-77";"-77";"-77";"-77";"-77";"-77";"-77";"-77";"-77";"-77";"-77";"-77";"-77";"-77";"-77";"-77";"-77";"-77";"-77";"-77";"-77";"-77";"-77";"-77";"-77";"-77";"-77";"-77";"-77";"-77";"-77";"-77";"-77";"-77";"-77";"-77";"-77";"-77";"-77";"-77";"-77";"-77";"-77";"-77";"-77";"-77";"-77";"-77";"-77";"-77";"-77";"-77";"-77";"-77";"-77";"-77";"-77";"-66";"Mozilla/5.0 (Windows NT 10.0; Win64; x64) AppleWebKit/537.36 (KHTML, like Gecko) Chrome/105.0.0.0 Safari/537.36";"https://app.prolific.co/";"0";"0";"-66";"0";"6047382,6047383,6047384,6047385,6047386,6047388,6047389,6047390,6047391,6047392,6047393,6047394,6047395,6047396,6047397,6047398,6047399,6047404,6047405,6047406,6047407,6047409,6047414";"0";"1";"0";"-77";"-77";"87121dd76dfa70a0ac5f7d1e40b25983";"1";"0";"1662996929";"2022-09-12 15:35:29";"2022-09-12 15:42:56";"0000-00-00 00:00:00";"42";"50";"166";"0";"179";"199";"206";"222";"227";"244";"323";"336";"361";"378";"380";"0";"0";"447";"0";"0";"0";"0";"0";"0";"0";"0";"0";"0";"0";"0";"0";"0";"0";"0";"0";"0";"0";"0";"0";"0";"0";"0";"0";"0";"0";"0";"0";"0";"0";"0";"0";"0";"0";"0";"0";"0";"0";"0";"0";"0";"0";"0";"0";"0"
"50";"0";"0";"22";"6047414";"-77";"194";"-77";"0.25";"2";"610a40ffbf11d261514a7c0a";"3";"36";"156000";"57000";"2000";"150";"2";"2";"1";"1";"-77";"-77";"-77";"-77";"-77";"-99";"-77";"-77";"-77";"-77";"-77";"-77";"-77";"-77";"-77";"-77";"-77";"-77";"-77";"-77";"-77";"-77";"-77";"-77";"-77";"-77";"-77";"-77";"-77";"-77";"-77";"-77";"-77";"-77";"-77";"-77";"-77";"-77";"-77";"-77";"-77";"-77";"-77";"-77";"-77";"-77";"-77";"-77";"-77";"-77";"-77";"-77";"-77";"-77";"-77";"-77";"-77";"-77";"-77";"-77";"-77";"-77";"-77";"-77";"-77";"-77";"-77";"-77";"-77";"-77";"-77";"-77";"-77";"-77";"-77";"-77";"-77";"-77";"-77";"-77";"-77";"-77";"-77";"-77";"-77";"-77";"-77";"-77";"-77";"-77";"-77";"-77";"-77";"-77";"-77";"-77";"-77";"-77";"-77";"-77";"-77";"-77";"-77";"-77";"-77";"-77";"-77";"-66";"Mozilla/5.0 (Windows NT 10.0; Win64; x64) AppleWebKit/537.36 (KHTML, like Gecko) Chrome/105.0.0.0 Safari/537.36";"https://app.prolific.co/";"0";"0";"-66";"0";"6047382,6047383,6047384,6047386,6047387,6047388,6047389,6047390,6047391,6047392,6047393,6047394,6047395,6047396,6047397,6047398,6047399,6047400,6047401,6047402,6047404,6047409,6047414,6047414,6047414";"0";"0";"0";"-77";"-77";"5dad15bcb7b2a1a3be15bd50ed08678c";"1";"0";"1662996951";"2022-09-12 15:35:51";"2022-09-12 15:39:13";"0000-00-00 00:00:00";"17";"21";"0";"55";"63";"70";"76";"87";"94";"100";"107";"111";"119";"125";"128";"194";"0";"0";"0";"0";"0";"202";"0";"0";"0";"0";"0";"0";"0";"0";"0";"0";"0";"0";"0";"0";"0";"0";"0";"0";"0";"0";"0";"0";"0";"0";"0";"0";"0";"0";"0";"0";"0";"0";"0";"0";"0";"0";"0";"0";"0";"0";"0";"0"
"73";"0";"0";"20";"0";"-77";"0";"-77";"0";"-66";"-66";"-77";"-77";"-66";"-66";"-66";"-66";"-77";"-77";"-77";"-77";"-77";"-77";"-77";"-77";"-77";"-66";"-77";"-77";"-77";"-77";"-77";"-77";"-77";"-77";"-77";"-77";"-77";"-77";"-77";"-77";"-77";"-77";"-77";"-77";"-77";"-77";"-77";"-77";"-77";"-77";"-77";"-77";"-77";"-77";"-77";"-77";"-77";"-77";"-77";"-77";"-77";"-77";"-77";"-77";"-77";"-77";"-77";"-77";"-77";"-77";"-77";"-77";"-77";"-77";"-77";"-77";"-77";"-77";"-77";"-77";"-77";"-77";"-77";"-77";"-77";"-77";"-77";"-77";"-77";"-77";"-77";"-77";"-77";"-77";"-77";"-77";"-77";"-77";"-77";"-77";"-77";"-77";"-77";"-77";"-77";"-77";"-77";"-77";"-77";"-77";"-77";"-77";"-77";"-77";"-77";"-77";"-77";"-77";"-77";"-77";"-77";"-77";"-77";"-77";"-77";"-77";"-77";"-66";"Mozilla/5.0 (Windows NT 10.0; Win64; x64; rv:104.0) Gecko/20100101 Firefox/104.0";"-99";"0";"0";"-66";"0";"0";"0";"1";"0";"-77";"-77";"2762731beee981b7ea9db71c31dc15e0";"1";"0";"1662997722";"2022-09-12 15:48:42";"2022-09-12 15:48:42";"0000-00-00 00:00:00";"0";"0";"0";"0";"0";"0";"0";"0";"0";"0";"0";"0";"0";"0";"0";"0";"0";"0";"0";"0";"0";"0";"0";"0";"0";"0";"0";"0";"0";"0";"0";"0";"0";"0";"0";"0";"0";"0";"0";"0";"0";"0";"0";"0";"0";"0";"0";"0";"0";"0";"0";"0";"0";"0";"0";"0";"0";"0";"0";"0";"0";"0";"0";"0"
"83";"0";"0";"22";"6047383";"-77";"0";"-77";"0";"3";"-66";"-77";"-77";"-66";"-66";"-66";"-66";"-77";"-77";"-77";"-77";"-77";"-77";"-77";"-77";"-77";"-66";"-77";"-77";"-77";"-77";"-77";"-77";"-77";"-77";"-77";"-77";"-77";"-77";"-77";"-77";"-77";"-77";"-77";"-77";"-77";"-77";"-77";"-77";"-77";"-77";"-77";"-77";"-77";"-77";"-77";"-77";"-77";"-77";"-77";"-77";"-77";"-77";"-77";"-77";"-77";"-77";"-77";"-77";"-77";"-77";"-77";"-77";"-77";"-77";"-77";"-77";"-77";"-77";"-77";"-77";"-77";"-77";"-77";"-77";"-77";"-77";"-77";"-77";"-77";"-77";"-77";"-77";"-77";"-77";"-77";"-77";"-77";"-77";"-77";"-77";"-77";"-77";"-77";"-77";"-77";"-77";"-77";"-77";"-77";"-77";"-77";"-77";"-77";"-77";"-77";"-77";"-77";"-77";"-77";"-77";"-77";"-77";"-77";"-77";"-77";"-77";"-77";"-66";"Mozilla/5.0 (Windows NT 10.0; Win64; x64) AppleWebKit/537.36 (KHTML, like Gecko) Chrome/105.0.0.0 Safari/537.36";"https://app.prolific.co/";"0";"0";"-66";"0";"6047382,6047383";"0";"0";"0";"-77";"-77";"78b5914a4729998f07b721ab3584b4b6";"1";"0";"1662998216";"2022-09-12 15:56:56";"2022-09-12 15:57:14";"0000-00-00 00:00:00";"18";"0";"0";"0";"0";"0";"0";"0";"0";"0";"0";"0";"0";"0";"0";"0";"0";"0";"0";"0";"0";"0";"0";"0";"0";"0";"0";"0";"0";"0";"0";"0";"0";"0";"0";"0";"0";"0";"0";"0";"0";"0";"0";"0";"0";"0";"0";"0";"0";"0";"0";"0";"0";"0";"0";"0";"0";"0";"0";"0";"0";"0";"0";"0"
"85";"0";"0";"20";"0";"-77";"0";"-77";"0";"-66";"-66";"-77";"-77";"-66";"-66";"-66";"-66";"-77";"-77";"-77";"-77";"-77";"-77";"-77";"-77";"-77";"-66";"-77";"-77";"-77";"-77";"-77";"-77";"-77";"-77";"-77";"-77";"-77";"-77";"-77";"-77";"-77";"-77";"-77";"-77";"-77";"-77";"-77";"-77";"-77";"-77";"-77";"-77";"-77";"-77";"-77";"-77";"-77";"-77";"-77";"-77";"-77";"-77";"-77";"-77";"-77";"-77";"-77";"-77";"-77";"-77";"-77";"-77";"-77";"-77";"-77";"-77";"-77";"-77";"-77";"-77";"-77";"-77";"-77";"-77";"-77";"-77";"-77";"-77";"-77";"-77";"-77";"-77";"-77";"-77";"-77";"-77";"-77";"-77";"-77";"-77";"-77";"-77";"-77";"-77";"-77";"-77";"-77";"-77";"-77";"-77";"-77";"-77";"-77";"-77";"-77";"-77";"-77";"-77";"-77";"-77";"-77";"-77";"-77";"-77";"-77";"-77";"-77";"-66";"Mozilla/5.0 (Windows NT 10.0; Win64; x64; rv:104.0) Gecko/20100101 Firefox/104.0";"-99";"0";"0";"-66";"0";"0";"0";"0";"0";"-77";"-77";"00fd8f1e45cf6859fccda118f0f4f600";"1";"0";"1662998326";"2022-09-12 15:58:46";"2022-09-12 15:58:46";"0000-00-00 00:00:00";"0";"0";"0";"0";"0";"0";"0";"0";"0";"0";"0";"0";"0";"0";"0";"0";"0";"0";"0";"0";"0";"0";"0";"0";"0";"0";"0";"0";"0";"0";"0";"0";"0";"0";"0";"0";"0";"0";"0";"0";"0";"0";"0";"0";"0";"0";"0";"0";"0";"0";"0";"0";"0";"0";"0";"0";"0";"0";"0";"0";"0";"0";"0";"0"
"86";"0";"0";"20";"0";"-77";"0";"-77";"0";"-66";"-66";"-77";"-77";"-66";"-66";"-66";"-66";"-77";"-77";"-77";"-77";"-77";"-77";"-77";"-77";"-77";"-66";"-77";"-77";"-77";"-77";"-77";"-77";"-77";"-77";"-77";"-77";"-77";"-77";"-77";"-77";"-77";"-77";"-77";"-77";"-77";"-77";"-77";"-77";"-77";"-77";"-77";"-77";"-77";"-77";"-77";"-77";"-77";"-77";"-77";"-77";"-77";"-77";"-77";"-77";"-77";"-77";"-77";"-77";"-77";"-77";"-77";"-77";"-77";"-77";"-77";"-77";"-77";"-77";"-77";"-77";"-77";"-77";"-77";"-77";"-77";"-77";"-77";"-77";"-77";"-77";"-77";"-77";"-77";"-77";"-77";"-77";"-77";"-77";"-77";"-77";"-77";"-77";"-77";"-77";"-77";"-77";"-77";"-77";"-77";"-77";"-77";"-77";"-77";"-77";"-77";"-77";"-77";"-77";"-77";"-77";"-77";"-77";"-77";"-77";"-77";"-77";"-77";"-66";"Mozilla/5.0 (Windows NT 10.0; Win64; x64; rv:104.0) Gecko/20100101 Firefox/104.0";"-99";"0";"0";"-66";"0";"0";"1";"1";"0";"-77";"-77";"ad161ef15f8d896f75e0b35b1d52e469";"1";"0";"1662998327";"2022-09-12 15:58:47";"2022-09-12 15:58:47";"0000-00-00 00:00:00";"0";"0";"0";"0";"0";"0";"0";"0";"0";"0";"0";"0";"0";"0";"0";"0";"0";"0";"0";"0";"0";"0";"0";"0";"0";"0";"0";"0";"0";"0";"0";"0";"0";"0";"0";"0";"0";"0";"0";"0";"0";"0";"0";"0";"0";"0";"0";"0";"0";"0";"0";"0";"0";"0";"0";"0";"0";"0";"0";"0";"0";"0";"0";"0"
"96";"0";"0";"22";"6047406";"-77";"140";"-77";"0.5";"1";"6266a849331cc893a5b22cf6";"1";"54";"0";"6350";"100";"20";"3";"2";"2";"-77";"-77";"-77";"-77";"-77";"-77";"-66";"-77";"-77";"-77";"-77";"-77";"-77";"-77";"-77";"-77";"-77";"-77";"-77";"-77";"-77";"-77";"-77";"-77";"-77";"-77";"-77";"-77";"-77";"-77";"-77";"-77";"-77";"-77";"-77";"-77";"-77";"-77";"-77";"-77";"-77";"-77";"-77";"-77";"-77";"-77";"-77";"-77";"-77";"-77";"-77";"-77";"-77";"-77";"-77";"-77";"-77";"-77";"-77";"-77";"-77";"-77";"-77";"-77";"-77";"-77";"-77";"-77";"-77";"-77";"-77";"-77";"-77";"-77";"-77";"-77";"-77";"-77";"-77";"-77";"-77";"-77";"-77";"-77";"-77";"-77";"-77";"-77";"-77";"-77";"-77";"-77";"-77";"-77";"-77";"-77";"-77";"-77";"-77";"-77";"-77";"-77";"-77";"-77";"-77";"-77";"-77";"-77";"-66";"Mozilla/5.0 (Windows NT 10.0; Win64; x64; rv:104.0) Gecko/20100101 Firefox/104.0";"https://app.prolific.co/";"0";"0";"-66";"0";"6047382,6047383,6047384,6047385,6047386,6047388,6047389,6047390,6047391,6047392,6047393,6047394,6047395,6047396,6047397,6047398,6047399,6047404,6047405,6047406,6047399,6047404,6047405,6047406";"1";"1";"0";"-77";"-77";"79c46827217d1fd04aeaaf29518f3afd";"1";"0";"1662999591";"2022-09-12 16:19:51";"2022-09-12 16:24:36";"0000-00-00 00:00:00";"26";"31";"38";"0";"41";"59";"65";"79";"89";"96";"103";"110";"121";"138";"285";"0";"0";"0";"0";"0";"0";"0";"0";"0";"0";"0";"0";"0";"0";"0";"0";"0";"0";"0";"0";"0";"0";"0";"0";"0";"0";"0";"0";"0";"0";"0";"0";"0";"0";"0";"0";"0";"0";"0";"0";"0";"0";"0";"0";"0";"0";"0";"0";"0"
"109";"0";"0";"20";"0";"-77";"0";"-77";"0";"-66";"-66";"-77";"-77";"-66";"-66";"-66";"-66";"-77";"-77";"-77";"-77";"-77";"-77";"-77";"-77";"-77";"-66";"-77";"-77";"-77";"-77";"-77";"-77";"-77";"-77";"-77";"-77";"-77";"-77";"-77";"-77";"-77";"-77";"-77";"-77";"-77";"-77";"-77";"-77";"-77";"-77";"-77";"-77";"-77";"-77";"-77";"-77";"-77";"-77";"-77";"-77";"-77";"-77";"-77";"-77";"-77";"-77";"-77";"-77";"-77";"-77";"-77";"-77";"-77";"-77";"-77";"-77";"-77";"-77";"-77";"-77";"-77";"-77";"-77";"-77";"-77";"-77";"-77";"-77";"-77";"-77";"-77";"-77";"-77";"-77";"-77";"-77";"-77";"-77";"-77";"-77";"-77";"-77";"-77";"-77";"-77";"-77";"-77";"-77";"-77";"-77";"-77";"-77";"-77";"-77";"-77";"-77";"-77";"-77";"-77";"-77";"-77";"-77";"-77";"-77";"-77";"-77";"-77";"-66";"Mozilla/5.0 (X11; Linux x86_64) AppleWebKit/537.36 (KHTML, like Gecko) Chrome/103.0.0.0 Safari/537.36";"https://app.prolific.co/";"0";"0";"-66";"0";"0";"1";"1";"0";"-77";"-77";"14c954e9469d77a6383e2e0976fe1be2";"1";"0";"1663001242";"2022-09-12 16:47:22";"2022-09-12 16:47:22";"0000-00-00 00:00:00";"0";"0";"0";"0";"0";"0";"0";"0";"0";"0";"0";"0";"0";"0";"0";"0";"0";"0";"0";"0";"0";"0";"0";"0";"0";"0";"0";"0";"0";"0";"0";"0";"0";"0";"0";"0";"0";"0";"0";"0";"0";"0";"0";"0";"0";"0";"0";"0";"0";"0";"0";"0";"0";"0";"0";"0";"0";"0";"0";"0";"0";"0";"0";"0"
"111";"0";"0";"22";"6047416";"-77";"187";"-77";"0";"2";"6111739b4db1a934aa0b1a6a";"1";"26";"0";"10000";"10";"25";"1";"1";"1";"1";"-77";"-77";"-77";"-77";"-77";"I didn't receive one";"-77";"-77";"-77";"-77";"-77";"-77";"-77";"-77";"-77";"-77";"-77";"-77";"-77";"-77";"-77";"-77";"-77";"-77";"-77";"-77";"-77";"-77";"-77";"-77";"-77";"-77";"-77";"-77";"-77";"-77";"-77";"-77";"-77";"-77";"-77";"-77";"-77";"-77";"-77";"-77";"-77";"-77";"-77";"-77";"-77";"-77";"-77";"-77";"-77";"-77";"-77";"-77";"-77";"-77";"-77";"-77";"-77";"-77";"-77";"-77";"-77";"-77";"-77";"-77";"-77";"-77";"-77";"-77";"-77";"-77";"-77";"-77";"-77";"-77";"-77";"-77";"-77";"-77";"-77";"-77";"-77";"-77";"-77";"-77";"-77";"-77";"-77";"-77";"-77";"-77";"-77";"-77";"-77";"-77";"-77";"-77";"-77";"-77";"-77";"-77";"-77";"-66";"Mozilla/5.0 (Windows NT 10.0; Win64; x64) AppleWebKit/537.36 (KHTML, like Gecko) Chrome/105.0.0.0 Safari/537.36";"https://app.prolific.co/";"0";"0";"-66";"0";"6047382,6047383,6047384,6047386,6047387,6047388,6047389,6047390,6047391,6047392,6047393,6047394,6047395,6047396,6047397,6047398,6047399,6047400,6047401,6047402,6047404,6047409,6047414,6047415,6047416";"1";"1";"0";"-77";"-77";"5d1f7c3c1bef3016707fae68935e92c2";"1";"0";"1663001340";"2022-09-12 16:49:00";"2022-09-12 16:52:10";"0000-00-00 00:00:00";"3";"8";"0";"29";"33";"38";"42";"48";"60";"67";"75";"79";"92";"102";"106";"172";"0";"0";"0";"0";"0";"187";"190";"0";"0";"0";"0";"0";"0";"0";"0";"0";"0";"0";"0";"0";"0";"0";"0";"0";"0";"0";"0";"0";"0";"0";"0";"0";"0";"0";"0";"0";"0";"0";"0";"0";"0";"0";"0";"0";"0";"0";"0";"0"
"122";"0";"0";"22";"6047415";"-77";"229";"-77";"0.5";"1";"61254fba095b9df425e816ea";"2";"25";"0";"0";"200";"250";"2";"3";"2";"-77";"-77";"1";"-77";"-77";"-77";"61254fba095b9df425e816ea";"-77";"-77";"-77";"-77";"-77";"-77";"-77";"-77";"-77";"-77";"-77";"-77";"-77";"-77";"-77";"-77";"-77";"-77";"-77";"-77";"-77";"-77";"-77";"-77";"-77";"-77";"-77";"-77";"-77";"-77";"-77";"-77";"-77";"-77";"-77";"-77";"-77";"-77";"-77";"-77";"-77";"-77";"-77";"-77";"-77";"-77";"-77";"-77";"-77";"-77";"-77";"-77";"-77";"-77";"-77";"-77";"-77";"-77";"-77";"-77";"-77";"-77";"-77";"-77";"-77";"-77";"-77";"-77";"-77";"-77";"-77";"-77";"-77";"-77";"-77";"-77";"-77";"-77";"-77";"-77";"-77";"-77";"-77";"-77";"-77";"-77";"-77";"-77";"-77";"-77";"-77";"-77";"-77";"-77";"-77";"-77";"-77";"-77";"-77";"-77";"-77";"-66";"Mozilla/5.0 (Macintosh; Intel Mac OS X 10_15_7) AppleWebKit/537.36 (KHTML, like Gecko) Chrome/104.0.0.0 Safari/537.36";"https://app.prolific.co/";"0";"0";"-66";"0";"6047382,6047383,6047384,6047385,6047386,6047388,6047389,6047390,6047391,6047392,6047393,6047394,6047395,6047396,6047397,6047398,6047399,6047404,6047405,6047406,6047407,6047409,6047414,6047415";"0";"0";"0";"-77";"-77";"31bb7a79e2e120c69602be54a482f82d";"1";"0";"1663002220";"2022-09-12 17:03:40";"2022-09-12 17:08:20";"0000-00-00 00:00:00";"13";"19";"74";"0";"84";"89";"94";"99";"102";"108";"113";"118";"145";"153";"155";"0";"0";"229";"0";"0";"0";"280";"0";"0";"0";"0";"0";"0";"0";"0";"0";"0";"0";"0";"0";"0";"0";"0";"0";"0";"0";"0";"0";"0";"0";"0";"0";"0";"0";"0";"0";"0";"0";"0";"0";"0";"0";"0";"0";"0";"0";"0";"0";"0"
"123";"0";"0";"22";"6047414";"-77";"432";"-77";"0";"2";"5fc50bb38378c80ac88354ef";"1";"64";"200000";"30000";"10000";"200";"1";"1";"1";"1";"-77";"-77";"-77";"-77";"-77";"-99";"-77";"-77";"-77";"-77";"-77";"-77";"-77";"-77";"-77";"-77";"-77";"-77";"-77";"-77";"-77";"-77";"-77";"-77";"-77";"-77";"-77";"-77";"-77";"-77";"-77";"-77";"-77";"-77";"-77";"-77";"-77";"-77";"-77";"-77";"-77";"-77";"-77";"-77";"-77";"-77";"-77";"-77";"-77";"-77";"-77";"-77";"-77";"-77";"-77";"-77";"-77";"-77";"-77";"-77";"-77";"-77";"-77";"-77";"-77";"-77";"-77";"-77";"-77";"-77";"-77";"-77";"-77";"-77";"-77";"-77";"-77";"-77";"-77";"-77";"-77";"-77";"-77";"-77";"-77";"-77";"-77";"-77";"-77";"-77";"-77";"-77";"-77";"-77";"-77";"-77";"-77";"-77";"-77";"-77";"-77";"-77";"-77";"-77";"-77";"-77";"-77";"-66";"Mozilla/5.0 (Windows NT 10.0; Win64; x64) AppleWebKit/537.36 (KHTML, like Gecko) Chrome/105.0.0.0 Safari/537.36 Edg/105.0.1343.33";"https://app.prolific.co/";"0";"0";"-66";"0";"6047382,6047383,6047384,6047386,6047387,6047388,6047389,6047390,6047391,6047392,6047393,6047394,6047395,6047396,6047397,6047398,6047399,6047400,6047401,6047402,6047404,6047409,6047414,6047402,6047404,6047409,6047414,6047414,6047414,6047414";"0";"0";"0";"-77";"-77";"cf527951a161d9aac2b77ff1d21d5628";"1";"0";"1663002329";"2022-09-12 17:05:29";"2022-09-12 17:13:10";"0000-00-00 00:00:00";"29";"37";"0";"116";"136";"149";"159";"175";"200";"212";"227";"234";"252";"276";"279";"424";"0";"0";"0";"0";"0";"432";"0";"0";"0";"0";"0";"0";"0";"0";"0";"0";"0";"0";"0";"0";"0";"0";"0";"0";"0";"0";"0";"0";"0";"0";"0";"0";"0";"0";"0";"0";"0";"0";"0";"0";"0";"0";"0";"0";"0";"0";"0";"0"
"126";"0";"0";"22";"6047415";"-77";"433";"-77";"0.5";"2";"5fa8300f0967d163ec3c05c3";"1";"30";"0";"0";"10000";"250";"2";"4";"1";"-77";"-77";"1";"-77";"-77";"-77";"I didn't get one";"-77";"-77";"-77";"-77";"-77";"-77";"-77";"-77";"-77";"-77";"-77";"-77";"-77";"-77";"-77";"-77";"-77";"-77";"-77";"-77";"-77";"-77";"-77";"-77";"-77";"-77";"-77";"-77";"-77";"-77";"-77";"-77";"-77";"-77";"-77";"-77";"-77";"-77";"-77";"-77";"-77";"-77";"-77";"-77";"-77";"-77";"-77";"-77";"-77";"-77";"-77";"-77";"-77";"-77";"-77";"-77";"-77";"-77";"-77";"-77";"-77";"-77";"-77";"-77";"-77";"-77";"-77";"-77";"-77";"-77";"-77";"-77";"-77";"-77";"-77";"-77";"-77";"-77";"-77";"-77";"-77";"-77";"-77";"-77";"-77";"-77";"-77";"-77";"-77";"-77";"-77";"-77";"-77";"-77";"-77";"-77";"-77";"-77";"-77";"-77";"-77";"-66";"Mozilla/5.0 (Windows NT 10.0; Win64; x64) AppleWebKit/537.36 (KHTML, like Gecko) Chrome/105.0.0.0 Safari/537.36";"https://app.prolific.co/";"0";"0";"-66";"0";"6047382,6047383,6047384,6047386,6047387,6047388,6047389,6047390,6047391,6047392,6047393,6047394,6047395,6047396,6047397,6047398,6047399,6047404,6047405,6047406,6047407,6047409,6047414,6047407,6047409,6047414,6047414,6047414,6047415";"1";"1";"0";"-77";"-77";"20ebe24d8e780bc0a0a5a21b91764d54";"1";"0";"1663002585";"2022-09-12 17:09:45";"2022-09-12 17:17:12";"0000-00-00 00:00:00";"19";"24";"0";"72";"136";"145";"153";"211";"224";"236";"244";"262";"274";"289";"291";"0";"0";"428";"0";"0";"0";"447";"0";"0";"0";"0";"0";"0";"0";"0";"0";"0";"0";"0";"0";"0";"0";"0";"0";"0";"0";"0";"0";"0";"0";"0";"0";"0";"0";"0";"0";"0";"0";"0";"0";"0";"0";"0";"0";"0";"0";"0";"0";"0"
"129";"0";"0";"22";"6047418";"-77";"230";"-77";"0.25";"3";"5c060301b8087b000128f604";"2";"37";"0";"50000";"100";"25";"2";"1";"2";"-77";"1";"-77";"-77";"-77";"-77";"66666";"1";"1";"1";"1";"1";"1";"1";"1";"1";"1";"1";"1";"1";"1";"1";"1";"1";"1";"-77";"-77";"-77";"-77";"-77";"-77";"-77";"-77";"-77";"-77";"-77";"-77";"-77";"-77";"-77";"-77";"-77";"-77";"-77";"-77";"-77";"-77";"-77";"-77";"-77";"-77";"-77";"-77";"-77";"-77";"-77";"-77";"-77";"-77";"-77";"-77";"-77";"-77";"-77";"-77";"-77";"-77";"-77";"-77";"-77";"-77";"-77";"-77";"-77";"-77";"-77";"-77";"-77";"-77";"-77";"-77";"-77";"-77";"-77";"-77";"-77";"-77";"-77";"-77";"-77";"-77";"-77";"-77";"-77";"-77";"-77";"-77";"-77";"-77";"-77";"-77";"-77";"-77";"-77";"-77";"-77";"-77";"-77";"-66";"Mozilla/5.0 (Windows NT 10.0; Win64; x64) AppleWebKit/537.36 (KHTML, like Gecko) Chrome/105.0.0.0 Safari/537.36";"https://app.prolific.co/";"0";"0";"-66";"0";"6047382,6047383,6047384,6047385,6047386,6047388,6047389,6047390,6047391,6047392,6047393,6047394,6047395,6047396,6047397,6047398,6047399,6047400,6047402,6047403,6047404,6047409,6047414,6047414,6047414,6047414,6047415,6047416,6047417,6047418";"0";"0";"0";"-77";"-77";"9b1b4ac696d854add2e445857da3dc5b";"1";"0";"1663003175";"2022-09-12 17:19:35";"2022-09-12 17:23:35";"0000-00-00 00:00:00";"6";"9";"31";"0";"37";"43";"48";"53";"61";"66";"71";"78";"87";"101";"104";"0";"168";"0";"0";"0";"0";"218";"221";"230";"240";"0";"0";"0";"0";"0";"0";"0";"0";"0";"0";"0";"0";"0";"0";"0";"0";"0";"0";"0";"0";"0";"0";"0";"0";"0";"0";"0";"0";"0";"0";"0";"0";"0";"0";"0";"0";"0";"0";"0"
"134";"0";"0";"22";"6047418";"-77";"1335";"-77";"0.25";"3";"61313fad6454dab291dc1256";"2";"49";"0";"2150";"5000";"100";"2";"1";"2";"-77";"1";"-77";"-77";"-77";"-77";"61313fad6454dab291dc1256";"1";"2";"1";"6";"7";"5";"5";"5";"7";"7";"7";"7";"7";"7";"6";"7";"7";"7";"-77";"-77";"-77";"-77";"-77";"-77";"-77";"-77";"-77";"-77";"-77";"-77";"-77";"-77";"-77";"-77";"-77";"-77";"-77";"-77";"-77";"-77";"-77";"-77";"-77";"-77";"-77";"-77";"-77";"-77";"-77";"-77";"-77";"-77";"-77";"-77";"-77";"-77";"-77";"-77";"-77";"-77";"-77";"-77";"-77";"-77";"-77";"-77";"-77";"-77";"-77";"-77";"-77";"-77";"-77";"-77";"-77";"-77";"-77";"-77";"-77";"-77";"-77";"-77";"-77";"-77";"-77";"-77";"-77";"-77";"-77";"-77";"-77";"-77";"-77";"-77";"-77";"-77";"-77";"-77";"-77";"-77";"-77";"-66";"Mozilla/5.0 (Windows NT 10.0; Win64; x64) AppleWebKit/537.36 (KHTML, like Gecko) Chrome/105.0.0.0 Safari/537.36 Edg/105.0.1343.33";"https://app.prolific.co/";"0";"0";"-66";"0";"6047382,6047383,6047384,6047385,6047386,6047388,6047389,6047390,6047391,6047392,6047393,6047394,6047395,6047396,6047397,6047398,6047399,6047400,6047402,6047403,6047404,6047409,6047414,6047415,6047416,6047417,6047418";"0";"1";"0";"-77";"-77";"89513bf6a7ba20cba0c4e14de0fd3ae8";"1";"0";"1663003666";"2022-09-12 17:27:46";"2022-09-12 17:52:28";"0000-00-00 00:00:00";"209";"217";"281";"0";"310";"324";"340";"356";"381";"404";"416";"432";"447";"467";"469";"0";"541";"0";"0";"0";"0";"565";"609";"1335";"1482";"0";"0";"0";"0";"0";"0";"0";"0";"0";"0";"0";"0";"0";"0";"0";"0";"0";"0";"0";"0";"0";"0";"0";"0";"0";"0";"0";"0";"0";"0";"0";"0";"0";"0";"0";"0";"0";"0";"0"
"139";"0";"0";"22";"6047414";"-77";"382";"-77";"0.625";"1";"630f1ce70d826bb52a738c44";"3";"25";"150000";"0";"40000";"1500";"3";"3";"2";"-77";"-77";"-66";"-77";"-77";"-77";"-66";"-77";"-77";"-77";"-77";"-77";"-77";"-77";"-77";"-77";"-77";"-77";"-77";"-77";"-77";"-77";"-77";"-77";"-77";"-77";"-77";"-77";"-77";"-77";"-77";"-77";"-77";"-77";"-77";"-77";"-77";"-77";"-77";"-77";"-77";"-77";"-77";"-77";"-77";"-77";"-77";"-77";"-77";"-77";"-77";"-77";"-77";"-77";"-77";"-77";"-77";"-77";"-77";"-77";"-77";"-77";"-77";"-77";"-77";"-77";"-77";"-77";"-77";"-77";"-77";"-77";"-77";"-77";"-77";"-77";"-77";"-77";"-77";"-77";"-77";"-77";"-77";"-77";"-77";"-77";"-77";"-77";"-77";"-77";"-77";"-77";"-77";"-77";"-77";"-77";"-77";"-77";"-77";"-77";"-77";"-77";"-77";"-77";"-77";"-77";"-77";"-77";"-66";"Mozilla/5.0 (Windows NT 10.0; WOW64) AppleWebKit/537.36 (KHTML, like Gecko) Chrome/103.0.0.0 Safari/537.36";"https://app.prolific.co/";"0";"0";"-66";"0";"6047382,6047383,6047384,6047385,6047386,6047388,6047389,6047390,6047391,6047392,6047393,6047394,6047395,6047395,6047396,6047397,6047398,6047399,6047404,6047405,6047406,6047407,6047409,6047414,6047407,6047409,6047414,6047407,6047409,6047414,6047407,6047409,6047414,6047407,6047409,6047414,6047407,6047409,6047414,6047407,6047409,6047414,6047407,6047409,6047414,6047407,6047409,6047414,6047407,6047409,6047414,6047407,6047409,6047414,6047407,6047409,6047414";"1";"1";"0";"-77";"-77";"77155c945c6a775c7a715ce6432ee104";"1";"0";"1663004354";"2022-09-12 17:39:14";"2022-09-12 17:45:36";"0000-00-00 00:00:00";"32";"41";"47";"0";"73";"82";"91";"113";"121";"133";"176";"189";"200";"216";"219";"0";"0";"382";"0";"0";"0";"0";"0";"0";"0";"0";"0";"0";"0";"0";"0";"0";"0";"0";"0";"0";"0";"0";"0";"0";"0";"0";"0";"0";"0";"0";"0";"0";"0";"0";"0";"0";"0";"0";"0";"0";"0";"0";"0";"0";"0";"0";"0";"0"
"148";"0";"0";"20";"0";"-77";"0";"-77";"0";"-66";"-66";"-77";"-77";"-66";"-66";"-66";"-66";"-77";"-77";"-77";"-77";"-77";"-77";"-77";"-77";"-77";"-66";"-77";"-77";"-77";"-77";"-77";"-77";"-77";"-77";"-77";"-77";"-77";"-77";"-77";"-77";"-77";"-77";"-77";"-77";"-77";"-77";"-77";"-77";"-77";"-77";"-77";"-77";"-77";"-77";"-77";"-77";"-77";"-77";"-77";"-77";"-77";"-77";"-77";"-77";"-77";"-77";"-77";"-77";"-77";"-77";"-77";"-77";"-77";"-77";"-77";"-77";"-77";"-77";"-77";"-77";"-77";"-77";"-77";"-77";"-77";"-77";"-77";"-77";"-77";"-77";"-77";"-77";"-77";"-77";"-77";"-77";"-77";"-77";"-77";"-77";"-77";"-77";"-77";"-77";"-77";"-77";"-77";"-77";"-77";"-77";"-77";"-77";"-77";"-77";"-77";"-77";"-77";"-77";"-77";"-77";"-77";"-77";"-77";"-77";"-77";"-77";"-77";"-66";"Mozilla/5.0 (Windows NT 10.0; Win64; x64) AppleWebKit/537.36 (KHTML, like Gecko) Chrome/105.0.0.0 Safari/537.36";"https://app.prolific.co/";"0";"0";"-66";"0";"0";"0";"0";"0";"-77";"-77";"da9b887903cf47fdef08a919583fe6cd";"1";"0";"1663006623";"2022-09-12 18:17:03";"2022-09-12 18:17:03";"0000-00-00 00:00:00";"0";"0";"0";"0";"0";"0";"0";"0";"0";"0";"0";"0";"0";"0";"0";"0";"0";"0";"0";"0";"0";"0";"0";"0";"0";"0";"0";"0";"0";"0";"0";"0";"0";"0";"0";"0";"0";"0";"0";"0";"0";"0";"0";"0";"0";"0";"0";"0";"0";"0";"0";"0";"0";"0";"0";"0";"0";"0";"0";"0";"0";"0";"0";"0"
"149";"0";"0";"20";"0";"-77";"0";"-77";"0";"-66";"-66";"-77";"-77";"-66";"-66";"-66";"-66";"-77";"-77";"-77";"-77";"-77";"-77";"-77";"-77";"-77";"-66";"-77";"-77";"-77";"-77";"-77";"-77";"-77";"-77";"-77";"-77";"-77";"-77";"-77";"-77";"-77";"-77";"-77";"-77";"-77";"-77";"-77";"-77";"-77";"-77";"-77";"-77";"-77";"-77";"-77";"-77";"-77";"-77";"-77";"-77";"-77";"-77";"-77";"-77";"-77";"-77";"-77";"-77";"-77";"-77";"-77";"-77";"-77";"-77";"-77";"-77";"-77";"-77";"-77";"-77";"-77";"-77";"-77";"-77";"-77";"-77";"-77";"-77";"-77";"-77";"-77";"-77";"-77";"-77";"-77";"-77";"-77";"-77";"-77";"-77";"-77";"-77";"-77";"-77";"-77";"-77";"-77";"-77";"-77";"-77";"-77";"-77";"-77";"-77";"-77";"-77";"-77";"-77";"-77";"-77";"-77";"-77";"-77";"-77";"-77";"-77";"-77";"-66";"Mozilla/5.0 (Windows NT 10.0; Win64; x64) AppleWebKit/537.36 (KHTML, like Gecko) Chrome/105.0.0.0 Safari/537.36";"https://app.prolific.co/";"0";"0";"-66";"0";"0";"0";"1";"0";"-77";"-77";"347b780b24cb1c28b173502054347776";"1";"0";"1663006848";"2022-09-12 18:20:48";"2022-09-12 18:20:48";"0000-00-00 00:00:00";"0";"0";"0";"0";"0";"0";"0";"0";"0";"0";"0";"0";"0";"0";"0";"0";"0";"0";"0";"0";"0";"0";"0";"0";"0";"0";"0";"0";"0";"0";"0";"0";"0";"0";"0";"0";"0";"0";"0";"0";"0";"0";"0";"0";"0";"0";"0";"0";"0";"0";"0";"0";"0";"0";"0";"0";"0";"0";"0";"0";"0";"0";"0";"0"
"154";"0";"0";"20";"0";"-77";"0";"-77";"0";"-66";"-66";"-77";"-77";"-66";"-66";"-66";"-66";"-77";"-77";"-77";"-77";"-77";"-77";"-77";"-77";"-77";"-66";"-77";"-77";"-77";"-77";"-77";"-77";"-77";"-77";"-77";"-77";"-77";"-77";"-77";"-77";"-77";"-77";"-77";"-77";"-77";"-77";"-77";"-77";"-77";"-77";"-77";"-77";"-77";"-77";"-77";"-77";"-77";"-77";"-77";"-77";"-77";"-77";"-77";"-77";"-77";"-77";"-77";"-77";"-77";"-77";"-77";"-77";"-77";"-77";"-77";"-77";"-77";"-77";"-77";"-77";"-77";"-77";"-77";"-77";"-77";"-77";"-77";"-77";"-77";"-77";"-77";"-77";"-77";"-77";"-77";"-77";"-77";"-77";"-77";"-77";"-77";"-77";"-77";"-77";"-77";"-77";"-77";"-77";"-77";"-77";"-77";"-77";"-77";"-77";"-77";"-77";"-77";"-77";"-77";"-77";"-77";"-77";"-77";"-77";"-77";"-77";"-77";"-66";"Mozilla/5.0 (Windows NT 10.0; Win64; x64) AppleWebKit/537.36 (KHTML, like Gecko) Chrome/105.0.0.0 Safari/537.36";"-99";"0";"0";"-66";"0";"0";"0";"1";"0";"-77";"-77";"af6c9784cda7775b562cfb779c67ddcd";"1";"0";"1663007306";"2022-09-12 18:28:26";"2022-09-12 18:28:26";"0000-00-00 00:00:00";"0";"0";"0";"0";"0";"0";"0";"0";"0";"0";"0";"0";"0";"0";"0";"0";"0";"0";"0";"0";"0";"0";"0";"0";"0";"0";"0";"0";"0";"0";"0";"0";"0";"0";"0";"0";"0";"0";"0";"0";"0";"0";"0";"0";"0";"0";"0";"0";"0";"0";"0";"0";"0";"0";"0";"0";"0";"0";"0";"0";"0";"0";"0";"0"
"155";"0";"0";"20";"0";"-77";"0";"-77";"0";"-66";"-66";"-77";"-77";"-66";"-66";"-66";"-66";"-77";"-77";"-77";"-77";"-77";"-77";"-77";"-77";"-77";"-66";"-77";"-77";"-77";"-77";"-77";"-77";"-77";"-77";"-77";"-77";"-77";"-77";"-77";"-77";"-77";"-77";"-77";"-77";"-77";"-77";"-77";"-77";"-77";"-77";"-77";"-77";"-77";"-77";"-77";"-77";"-77";"-77";"-77";"-77";"-77";"-77";"-77";"-77";"-77";"-77";"-77";"-77";"-77";"-77";"-77";"-77";"-77";"-77";"-77";"-77";"-77";"-77";"-77";"-77";"-77";"-77";"-77";"-77";"-77";"-77";"-77";"-77";"-77";"-77";"-77";"-77";"-77";"-77";"-77";"-77";"-77";"-77";"-77";"-77";"-77";"-77";"-77";"-77";"-77";"-77";"-77";"-77";"-77";"-77";"-77";"-77";"-77";"-77";"-77";"-77";"-77";"-77";"-77";"-77";"-77";"-77";"-77";"-77";"-77";"-77";"-77";"-66";"Mozilla/5.0 (Windows NT 10.0; Win64; x64) AppleWebKit/537.36 (KHTML, like Gecko) Chrome/105.0.0.0 Safari/537.36";"-99";"0";"0";"-66";"0";"0";"0";"0";"0";"-77";"-77";"c45826ac1f2b35dd66dfab46c54b3c2f";"1";"0";"1663007427";"2022-09-12 18:30:27";"2022-09-12 18:30:27";"0000-00-00 00:00:00";"0";"0";"0";"0";"0";"0";"0";"0";"0";"0";"0";"0";"0";"0";"0";"0";"0";"0";"0";"0";"0";"0";"0";"0";"0";"0";"0";"0";"0";"0";"0";"0";"0";"0";"0";"0";"0";"0";"0";"0";"0";"0";"0";"0";"0";"0";"0";"0";"0";"0";"0";"0";"0";"0";"0";"0";"0";"0";"0";"0";"0";"0";"0";"0"
"156";"0";"0";"20";"0";"-77";"0";"-77";"0";"-66";"-66";"-77";"-77";"-66";"-66";"-66";"-66";"-77";"-77";"-77";"-77";"-77";"-77";"-77";"-77";"-77";"-66";"-77";"-77";"-77";"-77";"-77";"-77";"-77";"-77";"-77";"-77";"-77";"-77";"-77";"-77";"-77";"-77";"-77";"-77";"-77";"-77";"-77";"-77";"-77";"-77";"-77";"-77";"-77";"-77";"-77";"-77";"-77";"-77";"-77";"-77";"-77";"-77";"-77";"-77";"-77";"-77";"-77";"-77";"-77";"-77";"-77";"-77";"-77";"-77";"-77";"-77";"-77";"-77";"-77";"-77";"-77";"-77";"-77";"-77";"-77";"-77";"-77";"-77";"-77";"-77";"-77";"-77";"-77";"-77";"-77";"-77";"-77";"-77";"-77";"-77";"-77";"-77";"-77";"-77";"-77";"-77";"-77";"-77";"-77";"-77";"-77";"-77";"-77";"-77";"-77";"-77";"-77";"-77";"-77";"-77";"-77";"-77";"-77";"-77";"-77";"-77";"-77";"-66";"Mozilla/5.0 (Windows NT 10.0; Win64; x64) AppleWebKit/537.36 (KHTML, like Gecko) Chrome/105.0.0.0 Safari/537.36";"-99";"0";"0";"-66";"0";"0";"1";"1";"0";"-77";"-77";"1e9d88ffc7f9fde03a140111e804bb44";"1";"0";"1663007427";"2022-09-12 18:30:27";"2022-09-12 18:30:27";"0000-00-00 00:00:00";"0";"0";"0";"0";"0";"0";"0";"0";"0";"0";"0";"0";"0";"0";"0";"0";"0";"0";"0";"0";"0";"0";"0";"0";"0";"0";"0";"0";"0";"0";"0";"0";"0";"0";"0";"0";"0";"0";"0";"0";"0";"0";"0";"0";"0";"0";"0";"0";"0";"0";"0";"0";"0";"0";"0";"0";"0";"0";"0";"0";"0";"0";"0";"0"
"160";"0";"0";"22";"6047414";"-77";"156";"-77";"0.75";"2";"60ca846ffad77e5b1fee110a";"1";"24";"900000";"6000";"10000";"100";"3";"4";"2";"-77";"-77";"-77";"-77";"1";"-77";"-66";"-77";"-77";"-77";"-77";"-77";"-77";"-77";"-77";"-77";"-77";"-77";"-77";"-77";"-77";"-77";"-77";"-77";"-77";"-77";"-77";"-77";"-77";"-77";"-77";"-77";"-77";"-77";"-77";"-77";"-77";"-77";"-77";"-77";"-77";"-77";"-77";"-77";"-77";"-77";"-77";"-77";"-77";"-77";"-77";"-77";"-77";"-77";"-77";"-77";"-77";"-77";"-77";"-77";"-77";"-77";"-77";"-77";"-77";"-77";"-77";"-77";"-77";"-77";"-77";"-77";"-77";"-77";"-77";"-77";"-77";"-77";"-77";"-77";"-77";"-77";"-77";"-77";"-77";"-77";"-77";"-77";"-77";"-77";"-77";"-77";"-77";"-77";"-77";"-77";"-77";"-77";"-77";"-77";"-77";"-77";"-77";"-77";"-77";"-77";"-77";"-77";"-66";"Mozilla/5.0 (Windows NT 10.0; Win64; x64) AppleWebKit/537.36 (KHTML, like Gecko) Chrome/104.0.0.0 Safari/537.36";"https://app.prolific.co/";"0";"0";"-66";"0";"6047382,6047383,6047384,6047386,6047387,6047388,6047389,6047390,6047391,6047392,6047393,6047394,6047395,6047396,6047397,6047398,6047399,6047404,6047409,6047410,6047411,6047412,6047414";"0";"0";"0";"-77";"-77";"e895d9cbd113e40294e00c07e95352e2";"1";"0";"1663008716";"2022-09-12 18:51:56";"2022-09-12 18:55:38";"0000-00-00 00:00:00";"13";"17";"0";"58";"109";"114";"121";"127";"131";"135";"139";"144";"147";"154";"156";"0";"0";"0";"0";"222";"0";"0";"0";"0";"0";"0";"0";"0";"0";"0";"0";"0";"0";"0";"0";"0";"0";"0";"0";"0";"0";"0";"0";"0";"0";"0";"0";"0";"0";"0";"0";"0";"0";"0";"0";"0";"0";"0";"0";"0";"0";"0";"0";"0"
"163";"0";"0";"20";"0";"-77";"0";"-77";"0";"-66";"-66";"-77";"-77";"-66";"-66";"-66";"-66";"-77";"-77";"-77";"-77";"-77";"-77";"-77";"-77";"-77";"-66";"-77";"-77";"-77";"-77";"-77";"-77";"-77";"-77";"-77";"-77";"-77";"-77";"-77";"-77";"-77";"-77";"-77";"-77";"-77";"-77";"-77";"-77";"-77";"-77";"-77";"-77";"-77";"-77";"-77";"-77";"-77";"-77";"-77";"-77";"-77";"-77";"-77";"-77";"-77";"-77";"-77";"-77";"-77";"-77";"-77";"-77";"-77";"-77";"-77";"-77";"-77";"-77";"-77";"-77";"-77";"-77";"-77";"-77";"-77";"-77";"-77";"-77";"-77";"-77";"-77";"-77";"-77";"-77";"-77";"-77";"-77";"-77";"-77";"-77";"-77";"-77";"-77";"-77";"-77";"-77";"-77";"-77";"-77";"-77";"-77";"-77";"-77";"-77";"-77";"-77";"-77";"-77";"-77";"-77";"-77";"-77";"-77";"-77";"-77";"-77";"-77";"-66";"Mozilla/5.0 (iPhone; CPU iPhone OS 13_2_3 like Mac OS X) AppleWebKit/605.1.15 (KHTML, like Gecko) Version/13.0.3 Mobile/15E148 Safari/604.1";"https://app.prolific.co/studies/631f2cea724603af01cdeb68?source=email";"0";"0";"-66";"0";"0";"1";"0";"0";"-77";"-77";"cb89d1265feb15db21fc75c6ccedb062";"1";"0";"1663010508";"2022-09-12 19:21:48";"2022-09-12 19:21:48";"0000-00-00 00:00:00";"0";"0";"0";"0";"0";"0";"0";"0";"0";"0";"0";"0";"0";"0";"0";"0";"0";"0";"0";"0";"0";"0";"0";"0";"0";"0";"0";"0";"0";"0";"0";"0";"0";"0";"0";"0";"0";"0";"0";"0";"0";"0";"0";"0";"0";"0";"0";"0";"0";"0";"0";"0";"0";"0";"0";"0";"0";"0";"0";"0";"0";"0";"0";"0"
"176";"0";"0";"22";"6047485";"-77";"964";"-77";"0.375";"4";"62e82e36f76b2b59d23e3443";"3";"28";"0";"1400";"5000";"500";"2";"2";"2";"-77";"-77";"-77";"-66";"-77";"-77";"2";"1";"2";"1";"1";"6";"4";"2";"2";"4";"5";"2";"4";"5";"5";"5";"4";"3";"4";"4";"5";"5";"20";"4";"5";"4";"5";"5";"4";"5";"4";"50";"5";"4";"3";"15";"4";"6";"4";"5";"4";"6";"3";"2";"4";"5";"5";"3";"4";"6";"2";"5";"2";"7";"2";"7";"1";"1";"2";"-77";"-77";"-77";"2";"-77";"1";"-77";"-77";"-77";"-77";"-77";"-77";"-77";"-77";"-77";"-77";"-77";"-77";"-77";"-77";"-77";"-77";"-77";"-77";"-77";"-77";"-77";"-77";"5";"3";"1";"3";"3";"2";"3";"1";"-77";"-77";"-77";"-77";"-77";"-77";"-77";"-66";"Mozilla/5.0 (Windows NT 10.0; Win64; x64) AppleWebKit/537.36 (KHTML, like Gecko) Chrome/104.0.5112.102 Safari/537.36 OPR/90.0.4480.84";"https://app.prolific.co/";"0";"0";"-66";"0";"6047382,6047383,6047384,6047386,6047387,6047388,6047389,6047390,6047391,6047392,6047393,6047394,6047395,6047396,6047397,6047398,6047399,6047404,6047405,6047407,6047408,6047409,6047414,6047415,6047416,6047417,6047418,6047419,6047420,6047421,6047422,6047423,6047424,6047425,6047426,6047427,6047433,6047434,6047435,6047437,6047438,6047439,6047453,6047483,6047484,6047485";"0";"0";"0";"-77";"-77";"6719b82b9835b538b57163e5669604fd";"1";"0";"1663014873";"2022-09-12 20:34:33";"2022-09-12 20:57:39";"0000-00-00 00:00:00";"41";"53";"0";"115";"140";"154";"165";"175";"209";"228";"245";"267";"290";"309";"312";"0";"0";"0";"391";"0";"0";"463";"474";"544";"619";"767";"783";"789";"872";"895";"906";"915";"0";"0";"0";"928";"0";"935";"0";"0";"0";"0";"0";"0";"0";"0";"0";"0";"0";"0";"0";"0";"0";"0";"0";"0";"0";"0";"0";"0";"964";"1386";"0";"0"
"177";"0";"0";"22";"6047414";"-77";"128";"-77";"0";"1";"5c716382891e320001247549";"1";"21";"0";"12000";"100";"50";"1";"1";"1";"1";"-77";"-77";"-77";"-77";"-77";"-66";"-77";"-77";"-77";"-77";"-77";"-77";"-77";"-77";"-77";"-77";"-77";"-77";"-77";"-77";"-77";"-77";"-77";"-77";"-77";"-77";"-77";"-77";"-77";"-77";"-77";"-77";"-77";"-77";"-77";"-77";"-77";"-77";"-77";"-77";"-77";"-77";"-77";"-77";"-77";"-77";"-77";"-77";"-77";"-77";"-77";"-77";"-77";"-77";"-77";"-77";"-77";"-77";"-77";"-77";"-77";"-77";"-77";"-77";"-77";"-77";"-77";"-77";"-77";"-77";"-77";"-77";"-77";"-77";"-77";"-77";"-77";"-77";"-77";"-77";"-77";"-77";"-77";"-77";"-77";"-77";"-77";"-77";"-77";"-77";"-77";"-77";"-77";"-77";"-77";"-77";"-77";"-77";"-77";"-77";"-77";"-77";"-77";"-77";"-77";"-77";"-77";"-66";"Mozilla/5.0 (Windows NT 10.0; Win64; x64) AppleWebKit/537.36 (KHTML, like Gecko) Chrome/105.0.0.0 Safari/537.36";"https://app.prolific.co/";"0";"0";"-66";"0";"6047382,6047383,6047384,6047385,6047386,6047388,6047389,6047390,6047391,6047392,6047393,6047394,6047395,6047396,6047397,6047398,6047399,6047400,6047401,6047402,6047404,6047409,6047414";"0";"1";"0";"-77";"-77";"41154e2533001267476615a140f44ba1";"1";"0";"1663014886";"2022-09-12 20:34:46";"2022-09-12 20:37:55";"0000-00-00 00:00:00";"19";"25";"44";"0";"52";"59";"65";"70";"80";"89";"96";"103";"110";"126";"128";"189";"0";"0";"0";"0";"0";"0";"0";"0";"0";"0";"0";"0";"0";"0";"0";"0";"0";"0";"0";"0";"0";"0";"0";"0";"0";"0";"0";"0";"0";"0";"0";"0";"0";"0";"0";"0";"0";"0";"0";"0";"0";"0";"0";"0";"0";"0";"0";"0"
"180";"0";"0";"22";"6047414";"-77";"283";"-77";"0.5";"4";"60c12fe6ca8c4aa6d0185190";"3";"38";"330000";"22000";"15000";"1800";"2";"3";"2";"-77";"-77";"-77";"1";"-77";"-77";"-66";"-77";"-77";"-77";"-77";"-77";"-77";"-77";"-77";"-77";"-77";"-77";"-77";"-77";"-77";"-77";"-77";"-77";"-77";"-77";"-77";"-77";"-77";"-77";"-77";"-77";"-77";"-77";"-77";"-77";"-77";"-77";"-77";"-77";"-77";"-77";"-77";"-77";"-77";"-77";"-77";"-77";"-77";"-77";"-77";"-77";"-77";"-77";"-77";"-77";"-77";"-77";"-77";"-77";"-77";"-77";"-77";"-77";"-77";"-77";"-77";"-77";"-77";"-77";"-77";"-77";"-77";"-77";"-77";"-77";"-77";"-77";"-77";"-77";"-77";"-77";"-77";"-77";"-77";"-77";"-77";"-77";"-77";"-77";"-77";"-77";"-77";"-77";"-77";"-77";"-77";"-77";"-77";"-77";"-77";"-77";"-77";"-77";"-77";"-77";"-77";"-77";"-66";"Mozilla/5.0 (Windows NT 10.0; Win64; x64) AppleWebKit/537.36 (KHTML, like Gecko) Chrome/105.0.0.0 Safari/537.36";"https://app.prolific.co/";"0";"0";"-66";"0";"6047382,6047383,6047384,6047386,6047387,6047388,6047389,6047390,6047391,6047392,6047393,6047394,6047395,6047396,6047397,6047398,6047399,6047404,6047405,6047407,6047408,6047409,6047414";"1";"1";"0";"-77";"-77";"08b31e6a7de2fb207ba927c4e2f5822b";"1";"0";"1663015225";"2022-09-12 20:40:25";"2022-09-12 20:46:26";"0000-00-00 00:00:00";"118";"126";"0";"154";"169";"176";"185";"205";"217";"226";"239";"247";"271";"281";"283";"0";"0";"0";"361";"0";"0";"0";"0";"0";"0";"0";"0";"0";"0";"0";"0";"0";"0";"0";"0";"0";"0";"0";"0";"0";"0";"0";"0";"0";"0";"0";"0";"0";"0";"0";"0";"0";"0";"0";"0";"0";"0";"0";"0";"0";"0";"0";"0";"0"
"185";"0";"0";"22";"6047414";"-77";"288";"-77";"0.25";"1";"5f6c954679e95605af7b3e8a";"1";"30";"40000";"0";"100";"20";"2";"1";"2";"1";"-77";"-77";"-77";"-77";"-77";"-66";"-77";"-77";"-77";"-77";"-77";"-77";"-77";"-77";"-77";"-77";"-77";"-77";"-77";"-77";"-77";"-77";"-77";"-77";"-77";"-77";"-77";"-77";"-77";"-77";"-77";"-77";"-77";"-77";"-77";"-77";"-77";"-77";"-77";"-77";"-77";"-77";"-77";"-77";"-77";"-77";"-77";"-77";"-77";"-77";"-77";"-77";"-77";"-77";"-77";"-77";"-77";"-77";"-77";"-77";"-77";"-77";"-77";"-77";"-77";"-77";"-77";"-77";"-77";"-77";"-77";"-77";"-77";"-77";"-77";"-77";"-77";"-77";"-77";"-77";"-77";"-77";"-77";"-77";"-77";"-77";"-77";"-77";"-77";"-77";"-77";"-77";"-77";"-77";"-77";"-77";"-77";"-77";"-77";"-77";"-77";"-77";"-77";"-77";"-77";"-77";"-77";"-66";"Mozilla/5.0 (Macintosh; Intel Mac OS X 10_15_6) AppleWebKit/605.1.15 (KHTML, like Gecko) Version/15.6.1 Safari/605.1.15";"https://app.prolific.co/";"0";"0";"-66";"0";"6047382,6047383,6047384,6047385,6047386,6047388,6047389,6047390,6047391,6047392,6047393,6047394,6047395,6047396,6047397,6047398,6047399,6047400,6047401,6047402,6047404,6047409,6047414";"1";"1";"0";"-77";"-77";"c73ac4b31cf719f1f8df67e8c5fc7bf3";"1";"0";"1663016969";"2022-09-12 21:09:29";"2022-09-12 21:17:51";"0000-00-00 00:00:00";"36";"39";"52";"0";"57";"66";"71";"174";"180";"193";"254";"267";"275";"286";"288";"502";"0";"0";"0";"0";"0";"0";"0";"0";"0";"0";"0";"0";"0";"0";"0";"0";"0";"0";"0";"0";"0";"0";"0";"0";"0";"0";"0";"0";"0";"0";"0";"0";"0";"0";"0";"0";"0";"0";"0";"0";"0";"0";"0";"0";"0";"0";"0";"0"
"194";"0";"0";"22";"6047383";"-77";"0";"-77";"0";"1";"-66";"-77";"-77";"-66";"-66";"-66";"-66";"-77";"-77";"-77";"-77";"-77";"-77";"-77";"-77";"-77";"-66";"-77";"-77";"-77";"-77";"-77";"-77";"-77";"-77";"-77";"-77";"-77";"-77";"-77";"-77";"-77";"-77";"-77";"-77";"-77";"-77";"-77";"-77";"-77";"-77";"-77";"-77";"-77";"-77";"-77";"-77";"-77";"-77";"-77";"-77";"-77";"-77";"-77";"-77";"-77";"-77";"-77";"-77";"-77";"-77";"-77";"-77";"-77";"-77";"-77";"-77";"-77";"-77";"-77";"-77";"-77";"-77";"-77";"-77";"-77";"-77";"-77";"-77";"-77";"-77";"-77";"-77";"-77";"-77";"-77";"-77";"-77";"-77";"-77";"-77";"-77";"-77";"-77";"-77";"-77";"-77";"-77";"-77";"-77";"-77";"-77";"-77";"-77";"-77";"-77";"-77";"-77";"-77";"-77";"-77";"-77";"-77";"-77";"-77";"-77";"-77";"-77";"-66";"Mozilla/5.0 (Windows NT 10.0; Win64; x64) AppleWebKit/537.36 (KHTML, like Gecko) Chrome/105.0.0.0 Safari/537.36 Edg/105.0.1343.27";"-99";"0";"0";"-66";"0";"6047382,6047383";"1";"1";"0";"-77";"-77";"4fc67a622f732819e9ef82b7721505fc";"1";"0";"1663018587";"2022-09-12 21:36:27";"2022-09-12 21:36:38";"0000-00-00 00:00:00";"11";"0";"0";"0";"0";"0";"0";"0";"0";"0";"0";"0";"0";"0";"0";"0";"0";"0";"0";"0";"0";"0";"0";"0";"0";"0";"0";"0";"0";"0";"0";"0";"0";"0";"0";"0";"0";"0";"0";"0";"0";"0";"0";"0";"0";"0";"0";"0";"0";"0";"0";"0";"0";"0";"0";"0";"0";"0";"0";"0";"0";"0";"0";"0"
"196";"0";"0";"22";"6047385";"-77";"18";"-77";"0";"1";"5de33dabc22a30362e4450a5";"-77";"-77";"-66";"-66";"-66";"-66";"-77";"-77";"-77";"-77";"-77";"-77";"-77";"-77";"-77";"-66";"-77";"-77";"-77";"-77";"-77";"-77";"-77";"-77";"-77";"-77";"-77";"-77";"-77";"-77";"-77";"-77";"-77";"-77";"-77";"-77";"-77";"-77";"-77";"-77";"-77";"-77";"-77";"-77";"-77";"-77";"-77";"-77";"-77";"-77";"-77";"-77";"-77";"-77";"-77";"-77";"-77";"-77";"-77";"-77";"-77";"-77";"-77";"-77";"-77";"-77";"-77";"-77";"-77";"-77";"-77";"-77";"-77";"-77";"-77";"-77";"-77";"-77";"-77";"-77";"-77";"-77";"-77";"-77";"-77";"-77";"-77";"-77";"-77";"-77";"-77";"-77";"-77";"-77";"-77";"-77";"-77";"-77";"-77";"-77";"-77";"-77";"-77";"-77";"-77";"-77";"-77";"-77";"-77";"-77";"-77";"-77";"-77";"-77";"-77";"-77";"-77";"-66";"Mozilla/5.0 (Windows NT 10.0; Win64; x64) AppleWebKit/537.36 (KHTML, like Gecko) Chrome/105.0.0.0 Safari/537.36";"https://app.prolific.co/";"0";"0";"-66";"0";"6047382,6047383,6047384,6047385";"1";"1";"0";"-77";"-77";"c1f44d7a3b6dc1218a9120056ff69d60";"1";"0";"1663019085";"2022-09-12 21:44:45";"2022-09-12 21:45:07";"0000-00-00 00:00:00";"18";"22";"0";"0";"0";"0";"0";"0";"0";"0";"0";"0";"0";"0";"0";"0";"0";"0";"0";"0";"0";"0";"0";"0";"0";"0";"0";"0";"0";"0";"0";"0";"0";"0";"0";"0";"0";"0";"0";"0";"0";"0";"0";"0";"0";"0";"0";"0";"0";"0";"0";"0";"0";"0";"0";"0";"0";"0";"0";"0";"0";"0";"0";"0"
"200";"0";"0";"22";"6047417";"-77";"427";"-77";"0.375";"3";"598ba20f716a2c000187ce01";"3";"51";"250000";"200000";"5000";"200";"2";"2";"2";"-77";"-77";"-77";"-66";"-77";"-77";"2";"4";"4";"4";"4";"4";"-77";"-77";"-77";"-77";"-77";"-77";"-77";"-77";"-77";"-77";"-77";"-77";"-77";"-77";"-77";"-77";"-77";"-77";"-77";"-77";"-77";"-77";"-77";"-77";"-77";"-77";"-77";"-77";"-77";"-77";"-77";"-77";"-77";"-77";"-77";"-77";"-77";"-77";"-77";"-77";"-77";"-77";"-77";"-77";"-77";"-77";"-77";"-77";"-77";"-77";"-77";"-77";"-77";"-77";"-77";"-77";"-77";"-77";"-77";"-77";"-77";"-77";"-77";"-77";"-77";"-77";"-77";"-77";"-77";"-77";"-77";"-77";"-77";"-77";"-77";"-77";"-77";"-77";"-77";"-77";"-77";"-77";"-77";"-77";"-77";"-77";"-77";"-77";"-77";"-77";"-77";"-77";"-77";"-77";"-77";"-77";"-66";"Mozilla/5.0 (Windows NT 6.3; Win64; x64) AppleWebKit/537.36 (KHTML, like Gecko) Chrome/105.0.0.0 Safari/537.36";"https://app.prolific.co/";"0";"0";"-66";"0";"6047382,6047383,6047384,6047385,6047386,6047388,6047389,6047390,6047391,6047392,6047393,6047394,6047395,6047396,6047397,6047398,6047399,6047404,6047405,6047407,6047408,6047409,6047414,6047415,6047416,6047417";"1";"1";"0";"-77";"-77";"7d9f1867829d44c6e6b313a678ad5994";"1";"0";"1663020830";"2022-09-12 22:13:50";"2022-09-12 22:24:14";"0000-00-00 00:00:00";"31";"35";"108";"0";"136";"152";"158";"172";"193";"231";"245";"263";"281";"296";"299";"0";"0";"0";"386";"0";"0";"391";"427";"624";"0";"0";"0";"0";"0";"0";"0";"0";"0";"0";"0";"0";"0";"0";"0";"0";"0";"0";"0";"0";"0";"0";"0";"0";"0";"0";"0";"0";"0";"0";"0";"0";"0";"0";"0";"0";"0";"0";"0";"0"
"201";"0";"0";"22";"6047414";"-77";"338";"-77";"0.625";"4";"58d2cb10f5899100018a05b8";"3";"34";"145000";"28000";"10000";"2500";"3";"3";"2";"-77";"-77";"-77";"1";"-77";"-77";"-66";"-77";"-77";"-77";"-77";"-77";"-77";"-77";"-77";"-77";"-77";"-77";"-77";"-77";"-77";"-77";"-77";"-77";"-77";"-77";"-77";"-77";"-77";"-77";"-77";"-77";"-77";"-77";"-77";"-77";"-77";"-77";"-77";"-77";"-77";"-77";"-77";"-77";"-77";"-77";"-77";"-77";"-77";"-77";"-77";"-77";"-77";"-77";"-77";"-77";"-77";"-77";"-77";"-77";"-77";"-77";"-77";"-77";"-77";"-77";"-77";"-77";"-77";"-77";"-77";"-77";"-77";"-77";"-77";"-77";"-77";"-77";"-77";"-77";"-77";"-77";"-77";"-77";"-77";"-77";"-77";"-77";"-77";"-77";"-77";"-77";"-77";"-77";"-77";"-77";"-77";"-77";"-77";"-77";"-77";"-77";"-77";"-77";"-77";"-77";"-77";"-77";"-66";"Mozilla/5.0 (Windows NT 10.0; Win64; x64) AppleWebKit/537.36 (KHTML, like Gecko) Chrome/105.0.0.0 Safari/537.36";"https://app.prolific.co/";"0";"0";"-66";"0";"6047382,6047383,6047384,6047386,6047387,6047388,6047389,6047390,6047391,6047392,6047393,6047394,6047395,6047396,6047397,6047398,6047399,6047404,6047405,6047407,6047408,6047409,6047414";"1";"0";"0";"-77";"-77";"c0f1848a9ee2dac447ab554d483ae1e2";"1";"0";"1663021918";"2022-09-12 22:31:58";"2022-09-12 22:39:03";"0000-00-00 00:00:00";"24";"32";"0";"160";"210";"226";"233";"255";"272";"285";"305";"312";"323";"335";"338";"0";"0";"0";"425";"0";"0";"0";"0";"0";"0";"0";"0";"0";"0";"0";"0";"0";"0";"0";"0";"0";"0";"0";"0";"0";"0";"0";"0";"0";"0";"0";"0";"0";"0";"0";"0";"0";"0";"0";"0";"0";"0";"0";"0";"0";"0";"0";"0";"0"
"203";"0";"0";"22";"6047485";"-77";"2834";"-77";"0.25";"2";"600e661d49a93a6ec48ebb45";"1";"31";"0";"100000";"500";"100";"2";"1";"2";"-66";"-77";"-77";"-77";"-77";"-77";"2";"4";"3";"5";"3";"4";"6";"5";"4";"5";"5";"4";"6";"6";"5";"5";"5";"5";"6";"4";"5";"5";"20";"4";"6";"5";"4";"5";"4";"4";"4";"50";"5";"4";"4";"10";"5";"7";"4";"6";"4";"5";"6";"7";"1";"7";"4";"5";"6";"3";"4";"2";"4";"4";"6";"6";"1";"1";"2";"-77";"-77";"-77";"1";"2";"-77";"-77";"-77";"-77";"-77";"-77";"-77";"-77";"-77";"-77";"-77";"-77";"-77";"-77";"-77";"-77";"-77";"-77";"-77";"-77";"-77";"-77";"-77";"5";"3";"2";"2";"3";"3";"3";"3";"-77";"-77";"-77";"-77";"-77";"-77";"-77";"-66";"Mozilla/5.0 (Windows NT 10.0; Win64; x64) AppleWebKit/537.36 (KHTML, like Gecko) Chrome/105.0.0.0 Safari/537.36";"https://app.prolific.co/";"0";"0";"-66";"0";"6047382,6047383,6047384,6047386,6047387,6047388,6047389,6047390,6047391,6047392,6047393,6047394,6047395,6047396,6047397,6047398,6047399,6047400,6047401,6047402,6047404,6047409,6047414,6047415,6047416,6047417,6047418,6047419,6047420,6047421,6047422,6047423,6047424,6047425,6047426,6047427,6047433,6047434,6047435,6047436,6047437,6047439,6047453,6047483,6047484,6047485";"1";"1";"0";"-77";"-77";"02b3ee574c21275d8093570770482ed2";"1";"0";"1663022701";"2022-09-12 22:45:01";"2022-09-12 23:34:15";"0000-00-00 00:00:00";"1190";"1423";"0";"1606";"1645";"1672";"1679";"1690";"1713";"1729";"1741";"1751";"1782";"1800";"1803";"1893";"0";"0";"0";"0";"0";"1899";"1922";"2072";"2217";"2529";"2556";"2562";"2771";"2808";"2813";"2817";"0";"0";"0";"2821";"2826";"0";"0";"0";"0";"0";"0";"0";"0";"0";"0";"0";"0";"0";"0";"0";"0";"0";"0";"0";"0";"0";"0";"0";"2834";"2954";"0";"0"
"208";"0";"0";"22";"6047408";"-77";"958";"-77";"0.625";"4";"5eeba783164680119f2e30c7";"2";"26";"0";"0";"300";"100";"2";"4";"2";"-77";"-77";"-77";"-66";"-77";"-77";"-66";"-77";"-77";"-77";"-77";"-77";"-77";"-77";"-77";"-77";"-77";"-77";"-77";"-77";"-77";"-77";"-77";"-77";"-77";"-77";"-77";"-77";"-77";"-77";"-77";"-77";"-77";"-77";"-77";"-77";"-77";"-77";"-77";"-77";"-77";"-77";"-77";"-77";"-77";"-77";"-77";"-77";"-77";"-77";"-77";"-77";"-77";"-77";"-77";"-77";"-77";"-77";"-77";"-77";"-77";"-77";"-77";"-77";"-77";"-77";"-77";"-77";"-77";"-77";"-77";"-77";"-77";"-77";"-77";"-77";"-77";"-77";"-77";"-77";"-77";"-77";"-77";"-77";"-77";"-77";"-77";"-77";"-77";"-77";"-77";"-77";"-77";"-77";"-77";"-77";"-77";"-77";"-77";"-77";"-77";"-77";"-77";"-77";"-77";"-77";"-77";"-77";"-66";"Mozilla/5.0 (Windows NT 10.0; Win64; x64) AppleWebKit/537.36 (KHTML, like Gecko) Chrome/105.0.0.0 Safari/537.36 Edg/105.0.1343.33";"https://app.prolific.co/";"0";"0";"-66";"0";"6047382,6047383,6047384,6047386,6047387,6047388,6047389,6047390,6047391,6047392,6047393,6047394,6047395,6047396,6047397,6047398,6047399,6047404,6047405,6047407,6047408,6047409,6047414,6047399,6047404,6047405,6047407,6047408";"0";"0";"0";"-77";"-77";"b70d71b0df8d68c8ccf11f4699045d2d";"1";"0";"1663023642";"2022-09-12 23:00:42";"2022-09-12 23:18:16";"0000-00-00 00:00:00";"53";"108";"0";"191";"235";"313";"342";"388";"419";"483";"538";"596";"666";"724";"1054";"0";"0";"0";"958";"0";"0";"0";"0";"0";"0";"0";"0";"0";"0";"0";"0";"0";"0";"0";"0";"0";"0";"0";"0";"0";"0";"0";"0";"0";"0";"0";"0";"0";"0";"0";"0";"0";"0";"0";"0";"0";"0";"0";"0";"0";"0";"0";"0";"0"
"225";"0";"0";"22";"6047414";"-77";"124";"-77";"1";"4";"5ac4c730f69e940001d977e1";"2";"28";"0";"0";"5000";"2000";"4";"4";"3";"-77";"-77";"-77";"-77";"-77";"0";"-66";"-77";"-77";"-77";"-77";"-77";"-77";"-77";"-77";"-77";"-77";"-77";"-77";"-77";"-77";"-77";"-77";"-77";"-77";"-77";"-77";"-77";"-77";"-77";"-77";"-77";"-77";"-77";"-77";"-77";"-77";"-77";"-77";"-77";"-77";"-77";"-77";"-77";"-77";"-77";"-77";"-77";"-77";"-77";"-77";"-77";"-77";"-77";"-77";"-77";"-77";"-77";"-77";"-77";"-77";"-77";"-77";"-77";"-77";"-77";"-77";"-77";"-77";"-77";"-77";"-77";"-77";"-77";"-77";"-77";"-77";"-77";"-77";"-77";"-77";"-77";"-77";"-77";"-77";"-77";"-77";"-77";"-77";"-77";"-77";"-77";"-77";"-77";"-77";"-77";"-77";"-77";"-77";"-77";"-77";"-77";"-77";"-77";"-77";"-77";"-77";"-77";"-66";"Mozilla/5.0 (Windows NT 10.0; Win64; x64) AppleWebKit/537.36 (KHTML, like Gecko) Chrome/105.0.0.0 Safari/537.36 Edg/105.0.1343.33";"https://app.prolific.co/";"0";"0";"-66";"0";"6047382,6047383,6047384,6047386,6047387,6047388,6047389,6047390,6047391,6047392,6047393,6047394,6047395,6047396,6047397,6047398,6047399,6047404,6047409,6047410,6047412,6047413,6047414";"0";"1";"0";"-77";"-77";"36eaaf2c6259fa0b1fa7a848b86a6801";"1";"0";"1663030083";"2022-09-13 00:48:03";"2022-09-13 00:51:14";"0000-00-00 00:00:00";"7";"15";"0";"21";"30";"67";"73";"81";"85";"92";"99";"105";"113";"122";"124";"0";"0";"0";"0";"0";"191";"0";"0";"0";"0";"0";"0";"0";"0";"0";"0";"0";"0";"0";"0";"0";"0";"0";"0";"0";"0";"0";"0";"0";"0";"0";"0";"0";"0";"0";"0";"0";"0";"0";"0";"0";"0";"0";"0";"0";"0";"0";"0";"0"
"226";"0";"0";"20";"0";"-77";"0";"-77";"0";"-66";"-66";"-77";"-77";"-66";"-66";"-66";"-66";"-77";"-77";"-77";"-77";"-77";"-77";"-77";"-77";"-77";"-66";"-77";"-77";"-77";"-77";"-77";"-77";"-77";"-77";"-77";"-77";"-77";"-77";"-77";"-77";"-77";"-77";"-77";"-77";"-77";"-77";"-77";"-77";"-77";"-77";"-77";"-77";"-77";"-77";"-77";"-77";"-77";"-77";"-77";"-77";"-77";"-77";"-77";"-77";"-77";"-77";"-77";"-77";"-77";"-77";"-77";"-77";"-77";"-77";"-77";"-77";"-77";"-77";"-77";"-77";"-77";"-77";"-77";"-77";"-77";"-77";"-77";"-77";"-77";"-77";"-77";"-77";"-77";"-77";"-77";"-77";"-77";"-77";"-77";"-77";"-77";"-77";"-77";"-77";"-77";"-77";"-77";"-77";"-77";"-77";"-77";"-77";"-77";"-77";"-77";"-77";"-77";"-77";"-77";"-77";"-77";"-77";"-77";"-77";"-77";"-77";"-77";"-66";"Mozilla/5.0 (Windows NT 10.0; Win64; x64) AppleWebKit/537.36 (KHTML, like Gecko) Chrome/105.0.0.0 Safari/537.36 Edg/105.0.1343.33";"https://app.prolific.co/";"0";"0";"-66";"0";"0";"0";"0";"0";"-77";"-77";"bdc31ac9b280ca3133f2461613eaf740";"1";"0";"1663030333";"2022-09-13 00:52:13";"2022-09-13 00:52:13";"0000-00-00 00:00:00";"0";"0";"0";"0";"0";"0";"0";"0";"0";"0";"0";"0";"0";"0";"0";"0";"0";"0";"0";"0";"0";"0";"0";"0";"0";"0";"0";"0";"0";"0";"0";"0";"0";"0";"0";"0";"0";"0";"0";"0";"0";"0";"0";"0";"0";"0";"0";"0";"0";"0";"0";"0";"0";"0";"0";"0";"0";"0";"0";"0";"0";"0";"0";"0"
"237";"0";"0";"22";"6047414";"-77";"836";"-77";"0.875";"4";"5c7c73b6f48c6d0001f6f49c";"2";"28";"0";"0";"3000";"1000";"4";"4";"2";"-77";"-77";"-77";"-77";"-77";"1";"-66";"-77";"-77";"-77";"-77";"-77";"-77";"-77";"-77";"-77";"-77";"-77";"-77";"-77";"-77";"-77";"-77";"-77";"-77";"-77";"-77";"-77";"-77";"-77";"-77";"-77";"-77";"-77";"-77";"-77";"-77";"-77";"-77";"-77";"-77";"-77";"-77";"-77";"-77";"-77";"-77";"-77";"-77";"-77";"-77";"-77";"-77";"-77";"-77";"-77";"-77";"-77";"-77";"-77";"-77";"-77";"-77";"-77";"-77";"-77";"-77";"-77";"-77";"-77";"-77";"-77";"-77";"-77";"-77";"-77";"-77";"-77";"-77";"-77";"-77";"-77";"-77";"-77";"-77";"-77";"-77";"-77";"-77";"-77";"-77";"-77";"-77";"-77";"-77";"-77";"-77";"-77";"-77";"-77";"-77";"-77";"-77";"-77";"-77";"-77";"-77";"-77";"-66";"Mozilla/5.0 (Windows NT 10.0; Win64; x64) AppleWebKit/537.36 (KHTML, like Gecko) Chrome/105.0.0.0 Safari/537.36";"https://app.prolific.co/";"0";"0";"-66";"0";"6047382,6047383,6047384,6047386,6047387,6047388,6047389,6047390,6047391,6047392,6047393,6047394,6047395,6047396,6047397,6047398,6047399,6047404,6047409,6047410,6047412,6047413,6047414";"0";"1";"0";"-77";"-77";"c84cb2bceea0e9e982b073ee2a8b5f9d";"1";"0";"1663033617";"2022-09-13 01:46:57";"2022-09-13 02:02:04";"0000-00-00 00:00:00";"42";"52";"0";"355";"533";"585";"590";"594";"598";"782";"789";"803";"818";"833";"836";"0";"0";"0";"0";"0";"907";"0";"0";"0";"0";"0";"0";"0";"0";"0";"0";"0";"0";"0";"0";"0";"0";"0";"0";"0";"0";"0";"0";"0";"0";"0";"0";"0";"0";"0";"0";"0";"0";"0";"0";"0";"0";"0";"0";"0";"0";"0";"0";"0"
"245";"0";"0";"22";"6047416";"-77";"579";"-77";"0.625";"2";"62dcc5dc8fcf471ec987e7cf";"2";"41";"0";"500";"750";"100";"3";"3";"2";"-77";"-77";"-66";"-77";"-77";"-77";"2";"-77";"-77";"-77";"-77";"-77";"-77";"-77";"-77";"-77";"-77";"-77";"-77";"-77";"-77";"-77";"-77";"-77";"-77";"-77";"-77";"-77";"-77";"-77";"-77";"-77";"-77";"-77";"-77";"-77";"-77";"-77";"-77";"-77";"-77";"-77";"-77";"-77";"-77";"-77";"-77";"-77";"-77";"-77";"-77";"-77";"-77";"-77";"-77";"-77";"-77";"-77";"-77";"-77";"-77";"-77";"-77";"-77";"-77";"-77";"-77";"-77";"-77";"-77";"-77";"-77";"-77";"-77";"-77";"-77";"-77";"-77";"-77";"-77";"-77";"-77";"-77";"-77";"-77";"-77";"-77";"-77";"-77";"-77";"-77";"-77";"-77";"-77";"-77";"-77";"-77";"-77";"-77";"-77";"-77";"-77";"-77";"-77";"-77";"-77";"-77";"-77";"-66";"Mozilla/5.0 (Windows NT 10.0; Win64; x64; rv:104.0) Gecko/20100101 Firefox/104.0";"https://app.prolific.co/";"0";"0";"-66";"0";"6047382,6047383,6047384,6047386,6047387,6047388,6047389,6047390,6047391,6047392,6047393,6047394,6047395,6047396,6047397,6047398,6047399,6047404,6047405,6047406,6047407,6047409,6047414,6047415,6047416";"1";"0";"0";"-77";"-77";"42ff69ed6e9abd5085f4a4092a46ba54";"1";"0";"1663038736";"2022-09-13 03:12:16";"2022-09-13 03:22:07";"0000-00-00 00:00:00";"56";"69";"0";"249";"288";"300";"309";"317";"330";"345";"356";"367";"381";"392";"395";"0";"0";"506";"0";"0";"0";"579";"591";"0";"0";"0";"0";"0";"0";"0";"0";"0";"0";"0";"0";"0";"0";"0";"0";"0";"0";"0";"0";"0";"0";"0";"0";"0";"0";"0";"0";"0";"0";"0";"0";"0";"0";"0";"0";"0";"0";"0";"0";"0"
"246";"0";"0";"22";"6047485";"-77";"662";"-77";"0.25";"1";"62ede762f7dbff1461f1d432";"2";"24";"80000";"36000";"2000";"300";"3";"1";"1";"-66";"-77";"-77";"-77";"-77";"-77";"2";"3";"5";"4";"2";"7";"5";"5";"4";"3";"4";"4";"7";"7";"7";"7";"6";"6";"7";"5";"4";"4";"40";"6";"5";"6";"7";"4";"4";"4";"4";"20";"6";"5";"4";"75";"6";"7";"6";"6";"4";"5";"7";"3";"6";"5";"3";"6";"1";"6";"1";"5";"1";"7";"2";"7";"2";"-77";"-77";"-77";"-77";"-77";"-77";"-77";"-77";"-77";"-77";"-77";"-77";"-77";"-77";"-77";"2";"-77";"-77";"-77";"-77";"-77";"-77";"-77";"1";"1";"2";"-77";"-77";"-77";"-77";"6";"3";"1";"2";"3";"3";"2";"3";"-77";"-77";"-77";"-77";"-77";"-77";"-77";"-66";"Mozilla/5.0 (Windows NT 10.0; Win64; x64) AppleWebKit/537.36 (KHTML, like Gecko) Chrome/105.0.0.0 Safari/537.36 Edg/105.0.1343.33";"https://app.prolific.co/";"0";"0";"-66";"0";"6047382,6047383,6047384,6047385,6047386,6047388,6047389,6047390,6047391,6047392,6047393,6047394,6047395,6047396,6047397,6047398,6047399,6047400,6047401,6047402,6047404,6047409,6047414,6047415,6047416,6047417,6047418,6047418,6047419,6047420,6047421,6047422,6047423,6047453,6047454,6047455,6047469,6047470,6047471,6047472,6047473,6047474,6047475,6047477,6047483,6047484,6047485";"1";"1";"0";"-77";"-77";"4a5dc3b5302834ddb29079b41c3bf9f2";"1";"0";"1663039185";"2022-09-13 03:19:45";"2022-09-13 03:34:55";"0000-00-00 00:00:00";"35";"41";"72";"0";"85";"92";"97";"117";"133";"143";"149";"158";"165";"207";"210";"279";"0";"0";"0";"0";"0";"285";"293";"330";"374";"508";"527";"530";"607";"633";"0";"0";"0";"0";"0";"0";"0";"0";"0";"0";"0";"0";"0";"0";"0";"638";"0";"0";"0";"0";"0";"0";"0";"645";"651";"654";"0";"0";"0";"0";"662";"910";"0";"0"
"250";"0";"0";"20";"0";"-77";"0";"-77";"0";"-66";"-66";"-77";"-77";"-66";"-66";"-66";"-66";"-77";"-77";"-77";"-77";"-77";"-77";"-77";"-77";"-77";"-66";"-77";"-77";"-77";"-77";"-77";"-77";"-77";"-77";"-77";"-77";"-77";"-77";"-77";"-77";"-77";"-77";"-77";"-77";"-77";"-77";"-77";"-77";"-77";"-77";"-77";"-77";"-77";"-77";"-77";"-77";"-77";"-77";"-77";"-77";"-77";"-77";"-77";"-77";"-77";"-77";"-77";"-77";"-77";"-77";"-77";"-77";"-77";"-77";"-77";"-77";"-77";"-77";"-77";"-77";"-77";"-77";"-77";"-77";"-77";"-77";"-77";"-77";"-77";"-77";"-77";"-77";"-77";"-77";"-77";"-77";"-77";"-77";"-77";"-77";"-77";"-77";"-77";"-77";"-77";"-77";"-77";"-77";"-77";"-77";"-77";"-77";"-77";"-77";"-77";"-77";"-77";"-77";"-77";"-77";"-77";"-77";"-77";"-77";"-77";"-77";"-77";"-66";"Mozilla/5.0 (Windows NT 10.0; Win64; x64) AppleWebKit/537.36 (KHTML, like Gecko) Chrome/105.0.0.0 Safari/537.36";"-99";"0";"0";"-66";"0";"0";"1";"1";"0";"-77";"-77";"796ef5d35b4643399f9391ab95ff3169";"1";"0";"1663040848";"2022-09-13 03:47:28";"2022-09-13 03:47:28";"0000-00-00 00:00:00";"0";"0";"0";"0";"0";"0";"0";"0";"0";"0";"0";"0";"0";"0";"0";"0";"0";"0";"0";"0";"0";"0";"0";"0";"0";"0";"0";"0";"0";"0";"0";"0";"0";"0";"0";"0";"0";"0";"0";"0";"0";"0";"0";"0";"0";"0";"0";"0";"0";"0";"0";"0";"0";"0";"0";"0";"0";"0";"0";"0";"0";"0";"0";"0"
"251";"0";"0";"20";"0";"-77";"0";"-77";"0";"-66";"-66";"-77";"-77";"-66";"-66";"-66";"-66";"-77";"-77";"-77";"-77";"-77";"-77";"-77";"-77";"-77";"-66";"-77";"-77";"-77";"-77";"-77";"-77";"-77";"-77";"-77";"-77";"-77";"-77";"-77";"-77";"-77";"-77";"-77";"-77";"-77";"-77";"-77";"-77";"-77";"-77";"-77";"-77";"-77";"-77";"-77";"-77";"-77";"-77";"-77";"-77";"-77";"-77";"-77";"-77";"-77";"-77";"-77";"-77";"-77";"-77";"-77";"-77";"-77";"-77";"-77";"-77";"-77";"-77";"-77";"-77";"-77";"-77";"-77";"-77";"-77";"-77";"-77";"-77";"-77";"-77";"-77";"-77";"-77";"-77";"-77";"-77";"-77";"-77";"-77";"-77";"-77";"-77";"-77";"-77";"-77";"-77";"-77";"-77";"-77";"-77";"-77";"-77";"-77";"-77";"-77";"-77";"-77";"-77";"-77";"-77";"-77";"-77";"-77";"-77";"-77";"-77";"-77";"-66";"Mozilla/5.0 (Windows NT 10.0; Win64; x64) AppleWebKit/537.36 (KHTML, like Gecko) Chrome/105.0.0.0 Safari/537.36";"-99";"0";"0";"-66";"0";"0";"0";"0";"0";"-77";"-77";"5286920e23176a6a793eeb9482cd8a7f";"1";"0";"1663041818";"2022-09-13 04:03:38";"2022-09-13 04:03:38";"0000-00-00 00:00:00";"0";"0";"0";"0";"0";"0";"0";"0";"0";"0";"0";"0";"0";"0";"0";"0";"0";"0";"0";"0";"0";"0";"0";"0";"0";"0";"0";"0";"0";"0";"0";"0";"0";"0";"0";"0";"0";"0";"0";"0";"0";"0";"0";"0";"0";"0";"0";"0";"0";"0";"0";"0";"0";"0";"0";"0";"0";"0";"0";"0";"0";"0";"0";"0"
"252";"0";"0";"20";"0";"-77";"0";"-77";"0";"-66";"-66";"-77";"-77";"-66";"-66";"-66";"-66";"-77";"-77";"-77";"-77";"-77";"-77";"-77";"-77";"-77";"-66";"-77";"-77";"-77";"-77";"-77";"-77";"-77";"-77";"-77";"-77";"-77";"-77";"-77";"-77";"-77";"-77";"-77";"-77";"-77";"-77";"-77";"-77";"-77";"-77";"-77";"-77";"-77";"-77";"-77";"-77";"-77";"-77";"-77";"-77";"-77";"-77";"-77";"-77";"-77";"-77";"-77";"-77";"-77";"-77";"-77";"-77";"-77";"-77";"-77";"-77";"-77";"-77";"-77";"-77";"-77";"-77";"-77";"-77";"-77";"-77";"-77";"-77";"-77";"-77";"-77";"-77";"-77";"-77";"-77";"-77";"-77";"-77";"-77";"-77";"-77";"-77";"-77";"-77";"-77";"-77";"-77";"-77";"-77";"-77";"-77";"-77";"-77";"-77";"-77";"-77";"-77";"-77";"-77";"-77";"-77";"-77";"-77";"-77";"-77";"-77";"-77";"-66";"Mozilla/5.0 (Windows NT 10.0; Win64; x64) AppleWebKit/537.36 (KHTML, like Gecko) Chrome/105.0.0.0 Safari/537.36";"-99";"0";"0";"-66";"0";"0";"0";"0";"0";"-77";"-77";"b337ddc566183ba7ee9427703960bda9";"1";"0";"1663041818";"2022-09-13 04:03:38";"2022-09-13 04:03:38";"0000-00-00 00:00:00";"0";"0";"0";"0";"0";"0";"0";"0";"0";"0";"0";"0";"0";"0";"0";"0";"0";"0";"0";"0";"0";"0";"0";"0";"0";"0";"0";"0";"0";"0";"0";"0";"0";"0";"0";"0";"0";"0";"0";"0";"0";"0";"0";"0";"0";"0";"0";"0";"0";"0";"0";"0";"0";"0";"0";"0";"0";"0";"0";"0";"0";"0";"0";"0"
